"# Top 25000 IPs from data gathered in last 24 hours only","2020-06-21"
"Number","IP address","Rating"
"0","130.161.220.37","696.4592338698426"
"1","213.238.182.30","628.1851464339392"
"2","193.151.15.159","460.2758363532073"
"3","103.126.6.141","454.4513089067356"
"4","170.244.251.147","437.3769640703078"
"5","122.55.220.154","431.6463026599491"
"6","88.230.98.54","426.1808884001903"
"7","112.134.209.157","425.568484924946"
"8","121.54.54.59","420.59964975716116"
"9","196.1.199.2","419.9478809507077"
"10","83.110.221.135","417.2030671123931"
"11","78.182.17.2","415.7140319021288"
"12","36.83.199.8","409.6883052851274"
"13","31.133.67.17","408.6400704287509"
"14","182.61.34.252","408.5669583231128"
"15","146.88.66.38","408.55090352227216"
"16","42.116.147.246","406.6355853896262"
"17","187.72.124.184","405.1344030071119"
"18","190.206.139.24","398.6260046097366"
"19","201.211.152.20","396.8187454098659"
"20","117.247.237.107","395.6285202186648"
"21","39.59.84.85","387.1624914387428"
"22","36.239.217.239","386.8473251828955"
"23","91.222.250.66","385.59851792742313"
"24","125.113.14.145","385.2714811342635"
"25","201.243.1.162","382.56242520239357"
"26","1.165.155.222","380.6638329154215"
"27","14.233.163.13","375.57177386833104"
"28","220.134.47.17","374.57120004092087"
"29","103.58.66.29","372.10192115374014"
"30","85.99.211.64","370.69562145703156"
"31","113.52.53.4","366.44572046002594"
"32","95.153.77.68","366.0675302732254"
"33","113.187.115.29","362.90583575424233"
"34","14.166.197.98","360.8860111401408"
"35","200.109.4.203","360.4832167701773"
"36","190.201.137.6","359.88165402414023"
"37","201.242.110.226","359.7404418380696"
"38","111.65.34.142","356.3066518954904"
"39","113.254.128.167","356.2733179885291"
"40","45.143.204.166","354.62583762766974"
"41","27.255.58.194","346.2336740299725"
"42","113.162.115.176","345.0887752267753"
"43","186.90.47.5","344.90787599098826"
"44","189.108.107.186","342.5596953310277"
"45","110.37.224.228","337.78300637615956"
"46","124.77.135.139","335.82810521042745"
"47","202.151.229.214","333.1104409055116"
"48","189.207.244.53","332.4289307889493"
"49","183.82.26.169","332.0461590059023"
"50","5.190.48.216","328.08516201938477"
"51","117.3.58.233","327.4307294271672"
"52","113.180.99.198","320.9614806089849"
"53","78.85.49.56","319.9420060203571"
"54","118.68.29.183","318.3225463432647"
"55","182.61.30.51","315.58643032707835"
"56","47.8.231.124","313.6560244237461"
"57","190.201.162.113","307.9829726835354"
"58","186.212.58.149","303.7358972243079"
"59","182.73.158.98","294.89377456910665"
"60","125.161.116.169","284.77276825617025"
"61","197.50.113.45","276.4577687915816"
"62","197.47.142.112","255.14660910212567"
"63","47.8.251.88","253.93139701393048"
"64","45.243.227.19","229.39225206960162"
"65","31.6.125.46","174.9627353788194"
"66","110.36.200.21","172.01625004625242"
"67","110.36.200.123","164.80928681437118"
"68","88.251.180.63","149.8775799249994"
"69","171.6.126.249","129.7276025215693"
"70","36.90.91.186","109.05732804549118"
"71","14.177.190.147","107.94320517797985"
"72","52.94.233.109","82.35734866877394"
"73","171.235.233.113","69.24195153255147"
"74","80.82.68.114","67.90662407361302"
"75","54.239.18.66","63.199566905161625"
"76","85.99.217.213","62.140673018191926"
"77","165.227.200.65","56.512496587038164"
"78","201.209.126.171","55.29203677474723"
"79","76.28.146.147","52.0502100498522"
"80","122.161.72.114","47.505927345328764"
"81","170.83.25.45","47.001992040231656"
"82","103.93.222.35","45.283413064774614"
"83","115.72.42.179","44.3622612349002"
"84","85.190.152.34","44.31054028952931"
"85","27.66.249.178","44.28741911002799"
"86","176.32.32.147","44.013148921657496"
"87","59.93.89.134","42.2663107862515"
"88","151.231.238.247","39.94006129189088"
"89","124.123.97.190","39.74135509806422"
"90","178.86.148.252","39.701788471574766"
"91","83.211.6.9","39.46879716766778"
"92","85.105.43.209","39.024062585062275"
"93","61.227.37.246","39.00522566170403"
"94","172.94.120.38","38.98830101695425"
"95","47.115.142.99","38.2192130514876"
"96","14.0.19.27","36.564387819753435"
"97","201.242.185.160","33.82198079223037"
"98","42.180.49.4","33.487203675732616"
"99","122.176.122.118","33.11658210670298"
"100","177.40.13.116","33.01575114608177"
"101","187.49.85.85","33.01301144836684"
"102","94.232.56.2","32.945038246012864"
"103","74.113.47.182","32.902967796537745"
"104","103.72.179.9","32.90100550667107"
"105","189.224.70.102","32.68047530674853"
"106","36.88.121.228","32.57424390312076"
"107","110.78.157.187","32.54517632323897"
"108","125.231.106.153","32.44075018965895"
"109","203.222.12.208","32.43406408232599"
"110","110.138.35.1","32.43221718126679"
"111","95.154.73.92","32.430554902745655"
"112","36.68.241.124","32.32136723388813"
"113","5.63.119.46","32.286575863781096"
"114","2.47.150.85","32.25796773224076"
"115","171.103.166.146","32.220961249782725"
"116","171.224.179.222","32.212900044414326"
"117","118.175.228.194","32.20985831942051"
"118","189.26.110.229","32.102341787243496"
"119","41.190.232.39","32.0976495392798"
"120","186.114.56.126","32.03349172138881"
"121","200.142.108.110","31.917705901606222"
"122","168.181.120.3","31.88129013779085"
"123","123.16.148.79","31.714518536710983"
"124","165.225.222.189","31.395488373331606"
"125","203.87.133.218","30.918689804873686"
"126","190.39.33.176","30.350385925882396"
"127","122.238.158.28","30.245608468317347"
"128","67.242.118.164","29.538286546446802"
"129","47.132.17.241","29.108642281787425"
"130","113.89.69.181","28.88194889546064"
"131","188.162.196.230","28.842763653557892"
"132","14.228.248.28","28.775377220594347"
"133","125.166.132.33","28.061099212967406"
"134","113.23.6.246","28.035524568839442"
"135","1.53.178.107","27.833045789470294"
"136","114.45.139.156","27.48191920631636"
"137","190.77.116.249","27.388893730853752"
"138","184.82.201.103","27.012337286259896"
"139","168.167.79.107","26.93500218813802"
"140","49.145.163.122","26.925295496189875"
"141","185.141.207.200","26.82617578504249"
"142","113.97.28.196","26.69384340848404"
"143","14.228.234.39","26.48886567456221"
"144","185.39.9.150","26.418572486912502"
"145","34.219.248.156","26.37022856476015"
"146","182.52.45.253","26.18613967363542"
"147","87.118.126.18","26.181786189189836"
"148","94.25.171.106","26.08215335818728"
"149","77.44.57.193","25.845951157128393"
"150","14.169.26.5","25.83090508876915"
"151","62.210.140.87","25.785654128410236"
"152","176.62.69.186","25.68999267711067"
"153","182.69.119.8","25.636772138375765"
"154","42.201.169.23","25.633305904233264"
"155","188.52.110.21","25.6246657734301"
"156","1.53.169.135","25.550077268107234"
"157","182.61.31.99","25.540027257033227"
"158","113.160.202.101","25.524371632814"
"159","190.196.236.3","25.43645272972292"
"160","113.22.243.170","25.399657703074137"
"161","159.192.169.29","25.375586506916445"
"162","79.11.7.33","25.35997396895845"
"163","203.238.39.78","25.352524728811527"
"164","194.28.28.142","25.292523675556208"
"165","36.73.67.161","25.250809095240605"
"166","223.205.232.192","25.249481741092232"
"167","90.183.9.162","25.23383837660586"
"168","119.96.229.249","25.231275282003683"
"169","103.88.223.90","25.229124617939085"
"170","1.172.161.141","25.22244493303534"
"171","101.51.117.105","25.2170437985049"
"172","191.241.242.124","25.18185153761534"
"173","27.63.152.70","25.17488860414778"
"174","14.246.157.240","25.128867520120163"
"175","118.171.64.221","25.126229077116093"
"176","123.18.73.227","25.120952128509327"
"177","95.179.16.27","25.11396045813677"
"178","36.94.58.90","25.11377480360855"
"179","118.69.161.81","25.100603774895248"
"180","36.89.247.219","25.098102949127448"
"181","181.115.163.225","25.09530842180893"
"182","78.185.199.52","25.086477521432403"
"183","1.173.218.31","25.077252821132543"
"184","187.189.11.114","25.074326482480043"
"185","36.75.140.123","25.05837569244563"
"186","95.210.0.65","25.019388258408718"
"187","103.65.193.155","24.992884370856437"
"188","210.4.101.7","24.973263986211336"
"189","95.221.94.173","24.967082872879843"
"190","123.192.81.233","24.924274571475213"
"191","103.109.39.12","24.883343194461098"
"192","2.182.81.16","24.86081125328433"
"193","49.151.228.218","24.821437233140834"
"194","200.162.206.50","24.81972154620696"
"195","49.145.161.160","24.819366966645223"
"196","110.137.103.184","24.818136091122962"
"197","49.48.37.103","24.81809941315511"
"198","14.177.231.31","24.81720800296641"
"199","188.162.49.204","24.81274328570906"
"200","118.68.107.39","24.80863744041579"
"201","43.230.184.220","24.800003935357555"
"202","103.130.191.16","24.781913145982095"
"203","24.199.208.174","24.769949122878714"
"204","37.232.47.94","24.76739429787175"
"205","117.5.86.71","24.761419767452754"
"206","200.109.178.144","24.75891387128511"
"207","223.207.251.155","24.6744021234558"
"208","189.134.71.145","24.67291938847124"
"209","116.97.55.23","24.665696969298274"
"210","157.45.167.223","24.664301118722175"
"211","14.181.18.207","24.663390543095446"
"212","118.173.34.66","24.66243698876897"
"213","94.25.167.201","24.660582488305096"
"214","103.96.41.130","24.65916699170919"
"215","85.132.110.252","24.656181560995"
"216","78.170.84.123","24.65570699579511"
"217","103.114.201.164","24.647932429135917"
"218","124.11.224.233","24.62478445760152"
"219","190.42.109.126","24.618789666634708"
"220","187.19.151.180","24.601179920454456"
"221","85.185.83.161","24.601140558586575"
"222","1.53.217.84","24.51420045950408"
"223","85.95.188.128","24.510202538560346"
"224","49.159.181.252","24.5099879948206"
"225","85.105.192.69","24.500658811677905"
"226","128.0.223.35","24.50007048204148"
"227","82.151.123.5","24.499479491792272"
"228","171.5.247.166","24.449437666675827"
"229","178.91.42.227","24.43785680976434"
"230","14.227.27.214","24.427862821990797"
"231","188.162.53.143","24.426163707765724"
"232","182.68.106.58","24.419980372637486"
"233","14.177.79.54","24.34759136341827"
"234","167.249.51.1","24.34740231934405"
"235","14.249.22.94","24.347135277456154"
"236","202.38.182.5","24.34557018625257"
"237","124.123.174.51","24.345406917424896"
"238","196.221.255.26","24.341515285875282"
"239","178.22.123.201","24.304611074512867"
"240","203.192.236.156","24.287799389910674"
"241","46.51.126.48","24.26903515461038"
"242","1.52.204.34","24.266244820443774"
"243","59.95.123.25","24.263030676024673"
"244","113.181.48.177","24.26139799116519"
"245","189.161.12.212","24.261113857511628"
"246","113.168.70.110","24.26034324468638"
"247","103.233.152.86","24.260283034210463"
"248","113.183.239.26","24.259321318088965"
"249","94.25.179.100","24.255951126623398"
"250","196.219.46.130","24.25444413548636"
"251","64.64.248.104","24.204646796121608"
"252","118.71.237.76","24.195973463703627"
"253","223.16.5.229","24.19065343397115"
"254","180.180.61.141","24.187570005712647"
"255","182.74.27.14","24.18624527068536"
"256","95.46.105.199","24.18229921244049"
"257","94.91.24.194","24.181327831226515"
"258","93.170.115.162","24.181096560252392"
"259","178.215.104.10","24.181045474968613"
"260","196.234.235.118","24.179345521539663"
"261","41.62.46.140","24.17589375514378"
"262","2.51.247.189","24.152617263973696"
"263","177.101.47.155","24.14876894330791"
"264","120.188.6.254","24.140621532068003"
"265","123.214.144.50","24.13954009550984"
"266","113.91.209.31","24.139380020000512"
"267","27.62.249.77","24.13374767415952"
"268","187.29.206.6","24.125195343457847"
"269","103.122.106.150","24.117679601409627"
"270","200.148.62.192","24.11527915984268"
"271","115.75.176.135","24.10413203700027"
"272","220.134.102.175","24.101636331081636"
"273","202.9.40.147","24.099444811180668"
"274","14.237.238.214","24.09894419382606"
"275","177.36.246.88","24.098066656743587"
"276","14.188.43.129","24.09766097881701"
"277","123.16.113.157","24.097154005341437"
"278","58.9.212.124","24.09644317588327"
"279","112.203.22.65","24.096429799127623"
"280","103.82.80.85","24.096363744201263"
"281","36.79.16.103","24.096229529889996"
"282","36.81.6.160","24.09599729430477"
"283","36.67.63.103","24.095742338785556"
"284","113.161.222.131","24.095739940021403"
"285","113.173.221.21","24.09563448991183"
"286","101.51.51.173","24.095539649931656"
"287","14.184.164.93","24.09543184802582"
"288","183.82.111.126","24.094629931643627"
"289","103.83.147.150","24.09453084430454"
"290","117.247.86.150","24.093868080310987"
"291","83.171.96.21","24.093705664254184"
"292","196.204.207.109","24.093246547528622"
"293","90.148.220.144","24.092706262180556"
"294","51.89.168.165","24.03754984394208"
"295","1.55.74.44","24.02406378375054"
"296","188.162.39.133","24.012556067458902"
"297","113.173.24.194","23.994059841318016"
"298","1.53.200.130","23.970690444269646"
"299","196.212.29.217","23.965035075232894"
"300","117.254.181.189","23.963633297591343"
"301","115.79.36.12","23.93954000483003"
"302","116.110.87.168","23.939467620438013"
"303","42.117.157.220","23.938796393839738"
"304","115.79.46.213","23.938756299148043"
"305","114.25.115.175","23.937925495062075"
"306","111.242.233.188","23.93777321380822"
"307","36.231.143.11","23.9373490201878"
"308","61.228.215.126","23.93700556102562"
"309","118.170.123.54","23.93685792827813"
"310","191.5.186.45","23.934566152026118"
"311","187.112.26.151","23.934316942415553"
"312","223.205.180.26","23.933824796419696"
"313","201.243.157.101","23.933258156948522"
"314","177.87.68.21","23.933089861409158"
"315","184.22.107.58","23.933087027764962"
"316","113.169.69.236","23.93275326931693"
"317","184.22.91.95","23.932552613542917"
"318","125.26.136.24","23.932492837891218"
"319","180.249.8.180","23.932382814922548"
"320","203.160.167.122","23.932204142267025"
"321","14.249.127.101","23.932069362498275"
"322","125.21.165.41","23.9320621474325"
"323","43.229.88.231","23.931430934920236"
"324","180.253.54.155","23.93136662416085"
"325","103.56.235.230","23.93103039853726"
"326","113.161.38.198","23.930937638636014"
"327","124.123.173.145","23.93074267980714"
"328","49.206.154.236","23.930253464271658"
"329","124.123.171.29","23.93009826975226"
"330","103.249.235.114","23.930044484616285"
"331","78.38.13.92","23.929522106146866"
"332","123.201.92.58","23.929322599211684"
"333","83.149.46.194","23.928491110419575"
"334","95.71.248.58","23.928098697675804"
"335","94.25.169.167","23.92616422230812"
"336","195.69.202.78","23.924946815585017"
"337","93.140.12.105","23.92478215649443"
"338","210.245.34.21","23.832908863061597"
"339","203.171.25.198","23.80439313206103"
"340","183.89.11.254","23.801435137102857"
"341","113.190.157.157","23.80078663675996"
"342","125.162.26.25","23.798617849422627"
"343","125.94.149.89","23.797276184050983"
"344","125.214.249.53","23.78724032608174"
"345","27.78.40.30","23.773867877356434"
"346","171.242.74.205","23.772644916403994"
"347","114.41.230.19","23.77238638315472"
"348","190.207.225.5","23.772014624944422"
"349","115.165.205.130","23.771839923982085"
"350","14.166.103.166","23.77183494870708"
"351","39.57.192.251","23.771742124391547"
"352","49.145.105.104","23.771505679219036"
"353","116.101.10.157","23.771154365713322"
"354","203.79.179.199","23.77115016419213"
"355","139.167.223.159","23.76762102254722"
"356","184.82.66.55","23.767583800961223"
"357","14.191.56.122","23.76729490317074"
"358","14.236.45.140","23.76713163999512"
"359","118.99.118.157","23.766764027433656"
"360","122.252.235.118","23.766725195112603"
"361","118.99.76.7","23.76649708939035"
"362","189.186.136.65","23.76641696626325"
"363","187.206.164.243","23.765859992705025"
"364","190.12.55.106","23.765803643951475"
"365","101.109.54.117","23.765577956363696"
"366","49.207.205.165","23.765407558796767"
"367","117.205.237.102","23.765380258897608"
"368","61.5.18.75","23.765344288179676"
"369","103.54.217.34","23.765143855174596"
"370","41.220.224.94","23.764991345614728"
"371","189.140.75.124","23.76492704431109"
"372","38.87.237.212","23.76492142122803"
"373","112.133.236.86","23.76476122539421"
"374","49.206.210.200","23.764299294620194"
"375","37.21.116.238","23.7639959984487"
"376","2.181.2.11","23.76385610273359"
"377","45.191.206.8","23.72781848063576"
"378","14.236.1.69","23.72421283546622"
"379","179.181.84.46","23.689295686422383"
"380","49.231.140.194","23.688309888793253"
"381","93.142.159.57","23.681204913522667"
"382","93.174.93.77","23.677524771394495"
"383","117.2.181.70","23.632001279338716"
"384","117.7.134.55","23.631685528826193"
"385","95.83.37.93","23.627329809837953"
"386","131.196.202.122","23.61985153477896"
"387","168.227.229.72","23.6171962587645"
"388","107.158.144.66","23.595902711612073"
"389","42.116.43.10","23.58907561714593"
"390","125.160.114.100","23.56168999934003"
"391","125.25.215.60","23.5335380653866"
"392","36.72.214.209","23.506791401103637"
"393","36.79.31.138","23.506376324441202"
"394","189.166.207.249","23.49509538510112"
"395","182.73.123.166","23.4610968528754"
"396","178.211.163.111","23.45314637390289"
"397","183.83.69.37","23.44854803287402"
"398","187.112.109.222","23.417514458657404"
"399","191.33.174.220","23.417357590196698"
"400","190.128.156.130","23.405514411939336"
"401","110.136.164.188","23.374872462753675"
"402","14.177.212.109","23.305125664754524"
"403","201.47.45.93","23.304640843402844"
"404","190.217.51.252","23.30167676488111"
"405","91.237.110.194","23.297759898968827"
"406","87.240.247.116","23.178588059496168"
"407","117.201.57.165","23.175427673723735"
"408","2.185.147.158","23.15269116539155"
"409","187.225.197.32","23.121829711490026"
"410","187.200.253.35","23.1210103342949"
"411","51.210.71.186","23.115124215543382"
"412","47.247.54.247","23.09138851996562"
"413","158.140.162.207","23.07147145068992"
"414","118.70.120.51","23.027592666190706"
"415","159.192.220.67","23.012851325167983"
"416","183.83.132.115","23.010860431978635"
"417","197.221.91.105","22.91195487567571"
"418","203.162.123.187","22.88723295529628"
"419","103.124.137.29","22.565075659079895"
"420","94.67.249.125","22.517258192328836"
"421","200.111.146.98","22.267508830131852"
"422","103.118.115.68","21.619841056307514"
"423","103.206.179.44","21.27828132803493"
"424","94.25.233.194","21.155197026676447"
"425","45.170.101.135","21.1482701325664"
"426","183.91.79.130","20.90419031931756"
"427","49.145.240.234","20.68916819255912"
"428","172.107.201.10","20.661147981779717"
"429","183.17.230.17","20.599221942588027"
"430","5.59.22.197","19.998133637917313"
"431","14.250.227.156","19.97998640014552"
"432","106.120.14.11","19.77403345362296"
"433","185.141.207.198","19.742174516754734"
"434","180.245.218.98","19.707137280690972"
"435","113.190.95.229","19.59304398285998"
"436","115.79.241.37","19.48483503586828"
"437","36.68.6.201","19.477988157148058"
"438","14.187.38.166","19.458802603449165"
"439","211.238.136.55","19.368467814982164"
"440","117.239.89.130","19.261562604056817"
"441","42.188.71.206","19.257698402197494"
"442","177.70.154.100","19.236654937254553"
"443","49.205.109.44","19.18576600764223"
"444","209.252.188.78","19.02976849682773"
"445","83.53.100.10","18.867287735655065"
"446","42.119.100.4","18.83502395870523"
"447","177.67.94.74","18.83227755676408"
"448","181.112.139.106","18.831739208049797"
"449","12.246.61.6","18.831419667008646"
"450","190.114.238.48","18.828384688416584"
"451","200.140.127.114","18.72975168064836"
"452","177.249.160.90","18.692399063523123"
"453","177.84.40.93","18.41651306300951"
"454","180.253.79.5","18.40286051949533"
"455","61.7.188.225","18.329319815530525"
"456","138.118.100.227","18.289680563093494"
"457","51.36.213.107","18.00401756747643"
"458","1.4.188.103","17.94214234895042"
"459","196.221.240.180","17.91135872847172"
"460","36.68.6.103","17.64253869345339"
"461","45.61.128.0","17.454755097537177"
"462","35.241.216.79","17.425542175568026"
"463","185.53.88.21","17.31271209256366"
"464","80.116.159.80","17.198235849208487"
"465","52.223.227.160","16.917405051398305"
"466","147.158.147.154","16.779248672839913"
"467","178.120.244.114","16.56958153515049"
"468","124.106.26.14","16.149753330159566"
"469","82.117.247.142","16.131884318795496"
"470","83.224.137.224","16.100250350538033"
"471","168.228.229.64","16.097652529173317"
"472","88.250.243.156","16.056451542915703"
"473","114.37.181.89","16.00378010932105"
"474","103.112.159.4","15.567678238099605"
"475","119.110.224.162","15.508224195567974"
"476","79.27.33.183","15.507203132738024"
"477","98.215.57.77","15.493028353101277"
"478","71.69.152.110","15.487304952161626"
"479","172.58.175.15","15.469626967060325"
"480","162.159.128.233","15.466188436392466"
"481","115.77.137.59","15.150901024691567"
"482","45.83.117.226","14.966387897552302"
"483","41.32.42.92","14.912641104110296"
"484","182.54.222.235","14.907233415359133"
"485","102.177.198.18","14.876783363684503"
"486","173.20.187.253","14.876486026612602"
"487","43.231.96.109","14.617846026347385"
"488","77.47.120.110","14.610796564527206"
"489","90.84.74.134","14.556500443787993"
"490","37.193.29.20","14.501713459105446"
"491","58.32.252.162","14.392391157929843"
"492","51.38.233.211","14.381878145777762"
"493","94.69.143.218","14.046768624847495"
"494","20.54.132.31","13.803021417428868"
"495","45.232.89.212","13.74832557441087"
"496","78.174.181.155","13.74740637629513"
"497","213.5.142.3","13.746878129233561"
"498","103.239.207.138","13.720029493408532"
"499","79.27.205.42","13.689647726475652"
"500","101.227.15.214","13.545508190909635"
"501","123.7.138.249","13.541929286479087"
"502","180.254.62.157","13.521605604734964"
"503","112.196.143.49","13.453300364594556"
"504","5.254.20.28","13.409743383077844"
"505","125.212.198.22","13.386272212606466"
"506","116.105.136.74","13.363257579647263"
"507","27.10.194.139","13.349951653002345"
"508","76.86.158.227","13.2012034110531"
"509","47.93.37.222","13.162014438812168"
"510","106.13.113.110","13.115743986395385"
"511","49.232.54.206","13.007775786044286"
"512","117.84.25.144","12.715957025328452"
"513","51.158.152.38","12.513992168768526"
"514","202.77.122.88","12.4556531322127"
"515","113.160.223.131","12.35624576479442"
"516","223.111.134.112","12.330793454295632"
"517","45.145.66.110","12.318679806642082"
"518","14.0.19.44","12.288602834537373"
"519","122.146.94.63","12.192984499293026"
"520","185.50.106.241","12.107911876124636"
"521","186.3.221.203","12.00510503910732"
"522","182.73.92.2","11.933996049102747"
"523","65.188.211.87","11.828901694155716"
"524","202.69.49.182","11.814485935706216"
"525","60.52.124.178","11.789958577111287"
"526","103.212.226.12","11.779381508063148"
"527","213.239.73.46","11.706906426123002"
"528","61.172.245.6","11.592088334290764"
"529","14.234.232.119","11.507308959961057"
"530","217.114.159.157","11.504284180252155"
"531","118.96.234.211","11.443337093042397"
"532","39.42.98.202","11.40836150593064"
"533","185.53.88.200","11.314866272740478"
"534","46.16.225.82","11.304017657452592"
"535","77.42.76.241","11.259948622218486"
"536","222.92.131.90","11.254832837496966"
"537","78.174.133.13","11.207180979175808"
"538","119.123.78.176","11.145998118158824"
"539","14.0.19.16","11.112048265283947"
"540","180.180.171.226","11.111750915134841"
"541","118.71.115.235","11.10609815315442"
"542","220.129.192.42","11.10511448443914"
"543","46.135.224.229","11.103590736784204"
"544","187.192.240.215","11.102032485090287"
"545","106.208.178.114","11.10191185337012"
"546","52.239.236.225","11.059815134643978"
"547","154.223.145.37","11.039053174978369"
"548","85.120.206.130","11.03849681795488"
"549","218.161.119.211","11.038458633341886"
"550","165.225.222.152","10.94850926153876"
"551","120.193.155.140","10.939634387857758"
"552","46.46.42.160","10.90132147952715"
"553","36.81.224.238","10.8987295796345"
"554","185.216.140.103","10.854130268301095"
"555","161.97.73.21","10.85278100851344"
"556","27.77.235.212","10.826137457560753"
"557","113.166.248.187","10.825290134679994"
"558","27.73.121.43","10.824404764235306"
"559","114.45.121.135","10.824315994555961"
"560","140.213.187.40","10.824284618393957"
"561","171.224.178.71","10.824154816889862"
"562","117.210.185.114","10.823838990857173"
"563","36.72.219.16","10.82258276706628"
"564","183.88.47.162","10.822418075457998"
"565","14.189.223.226","10.822236263822742"
"566","14.177.239.177","10.822000519774521"
"567","177.134.199.73","10.821768524598925"
"568","36.89.59.243","10.82174469528828"
"569","103.119.229.252","10.821488298750777"
"570","183.83.37.113","10.821019487552917"
"571","103.21.67.100","10.820972137474525"
"572","199.48.122.34","10.820760474661657"
"573","80.191.174.63","10.819970494414484"
"574","41.230.96.58","10.819486413411683"
"575","41.32.28.14","10.819286067019394"
"576","125.234.240.78","10.733303475631349"
"577","183.83.65.12","10.566648042307456"
"578","113.88.167.187","10.513487195027158"
"579","94.25.228.57","10.466765125863866"
"580","183.82.141.246","10.46224542615699"
"581","103.255.144.170","10.175222049174161"
"582","42.116.233.135","10.083710973644575"
"583","1.53.50.0","10.083444971833783"
"584","117.195.139.151","10.082922108694483"
"585","58.152.26.212","10.082525340905422"
"586","59.94.14.164","10.081265495958332"
"587","1.39.244.16","10.080825586230524"
"588","103.127.56.148","10.0806375666423"
"589","113.53.9.1","10.080041182951586"
"590","189.186.14.40","10.079968142310769"
"591","61.19.237.138","10.07989268296047"
"592","180.243.139.70","10.07957089860476"
"593","36.70.219.183","10.079446760611418"
"594","117.204.140.151","10.079310653511975"
"595","217.165.64.166","10.07885640834316"
"596","176.49.92.206","10.078413243164817"
"597","89.179.65.145","10.077578230904486"
"598","88.200.214.132","10.076554681536741"
"599","91.196.132.162","10.075871289868683"
"600","109.122.77.211","10.07562684154192"
"601","189.215.18.107","10.00775023544253"
"602","103.82.80.227","9.984979369032267"
"603","179.56.219.72","9.981772963757491"
"604","41.37.54.39","9.979740915975725"
"605","5.36.201.216","9.978901718125096"
"606","185.66.254.64","9.977733347308897"
"607","78.180.183.87","9.976791117388396"
"608","180.191.120.106","9.799164472035358"
"609","114.25.23.55","9.798585682382942"
"610","123.16.123.241","9.796474123377246"
"611","14.167.6.236","9.796345826378323"
"612","171.231.183.1","9.796336546127844"
"613","113.106.135.146","9.79628983212522"
"614","113.106.135.144","9.796067834850879"
"615","188.159.61.41","9.795995912871748"
"616","123.27.146.223","9.795864018809162"
"617","223.206.221.83","9.795687174721332"
"618","180.248.104.223","9.795053143041134"
"619","45.117.74.54","9.794174713828623"
"620","156.215.148.70","9.793563992490169"
"621","5.180.130.12","9.79301738612773"
"622","171.233.201.42","9.735995256007472"
"623","183.89.123.99","9.655320015411192"
"624","110.78.155.101","9.654834100076501"
"625","14.248.84.55","9.651461433378884"
"626","165.225.222.157","9.651205252454224"
"627","182.61.13.155","9.624019038322816"
"628","68.183.191.26","9.512505954006022"
"629","212.102.41.7","9.43099511981636"
"630","64.227.56.146","9.413920068175637"
"631","51.15.24.149","9.407862570743687"
"632","42.115.42.229","9.316759992078792"
"633","178.34.160.112","9.156460862418406"
"634","47.247.0.49","9.081287697788238"
"635","189.152.209.167","9.080444994602413"
"636","122.237.180.15","9.033346203096613"
"637","90.87.235.156","9.000124776912818"
"638","185.146.2.146","8.79209692678601"
"639","191.101.22.140","8.79209327464171"
"640","194.126.203.180","8.706391812915383"
"641","157.39.247.64","8.691201691941108"
"642","178.128.123.5","8.631220032533061"
"643","223.155.176.69","8.544016927066565"
"644","177.185.27.32","8.525093687168487"
"645","190.72.118.29","8.486801505867803"
"646","193.200.161.21","8.43250903053178"
"647","103.217.117.66","8.384697847865478"
"648","113.118.192.164","8.372856188302771"
"649","46.31.79.115","8.351646544245034"
"650","114.44.62.131","8.310322872789"
"651","67.229.74.66","8.310283830892901"
"652","66.117.6.250","8.30990600127342"
"653","124.128.117.234","8.309365238993891"
"654","202.109.114.190","8.306576596288027"
"655","116.99.21.213","8.294964421261854"
"656","136.144.41.26","8.294118263866268"
"657","14.177.108.152","8.292531187761671"
"658","36.90.36.15","8.275140829617342"
"659","116.106.32.242","8.275075634095437"
"660","1.52.140.178","8.27503305129351"
"661","183.171.27.64","8.274668875550248"
"662","220.143.147.184","8.27465402600012"
"663","1.55.210.111","8.27445251965349"
"664","1.55.51.180","8.27433131739357"
"665","117.0.38.177","8.27432775215002"
"666","42.115.253.182","8.274191909183639"
"667","42.114.184.48","8.274125195451179"
"668","118.171.122.70","8.274066050014346"
"669","218.173.131.236","8.274021059920019"
"670","117.4.137.69","8.273871252321975"
"671","190.8.149.148","8.273866614225781"
"672","111.252.166.33","8.27378308272582"
"673","118.163.162.19","8.273714008835451"
"674","36.238.204.70","8.273669077259497"
"675","181.89.133.176","8.27363771263886"
"676","36.237.9.180","8.273594246154449"
"677","14.228.168.248","8.273493276724167"
"678","171.224.93.0","8.273357903535903"
"679","191.33.245.125","8.273347025237126"
"680","14.163.115.169","8.273243197199028"
"681","49.146.32.211","8.273162892751477"
"682","14.248.154.42","8.273159961586625"
"683","179.95.241.136","8.273128851891526"
"684","190.186.194.74","8.273046370594088"
"685","27.62.152.233","8.273024567834911"
"686","186.215.23.122","8.2730008612353"
"687","181.40.84.218","8.27297528099776"
"688","182.232.195.40","8.27295190666548"
"689","186.67.27.226","8.272941012723347"
"690","14.236.159.139","8.27279478169258"
"691","189.112.151.84","8.272792772093352"
"692","223.205.216.34","8.272701886324684"
"693","14.231.194.215","8.27268139722545"
"694","170.83.42.74","8.27266790400775"
"695","180.183.113.207","8.272649258248533"
"696","118.173.74.232","8.272565321591605"
"697","113.185.73.147","8.272487594430105"
"698","103.57.95.245","8.272481217869279"
"699","190.233.10.241","8.272473043171551"
"700","36.76.145.209","8.272467573221427"
"701","14.188.14.235","8.272463946733161"
"702","36.83.108.161","8.272463659636106"
"703","179.180.154.165","8.272460954879147"
"704","14.161.117.141","8.272420942505283"
"705","184.22.109.185","8.272415895613566"
"706","186.91.252.231","8.272375323932057"
"707","14.169.142.254","8.27236143734061"
"708","171.7.232.239","8.272323116875937"
"709","14.228.226.168","8.272320260966689"
"710","113.190.232.45","8.272304576114204"
"711","103.76.211.1","8.272298410961731"
"712","180.183.103.83","8.272242561724118"
"713","36.90.79.64","8.272225607416663"
"714","36.66.230.242","8.272224670546612"
"715","36.78.95.240","8.272224413662869"
"716","189.237.32.156","8.272217870680148"
"717","183.82.156.30","8.27220306206273"
"718","117.205.160.107","8.272201792751432"
"719","123.24.11.242","8.272150309925467"
"720","110.170.162.66","8.272142225566483"
"721","14.244.214.254","8.272138976709712"
"722","14.248.226.141","8.272108966279397"
"723","105.186.172.211","8.27210852805982"
"724","123.18.119.180","8.272063089096939"
"725","36.85.222.228","8.272040331744037"
"726","125.72.23.50","8.272025447252927"
"727","36.82.99.202","8.27201548898453"
"728","175.184.232.218","8.272005304036016"
"729","113.53.165.210","8.271990238147044"
"730","103.70.131.134","8.27197672869067"
"731","14.162.150.139","8.271959108941484"
"732","184.82.230.50","8.271950117717102"
"733","103.110.170.162","8.271923959998665"
"734","103.251.250.81","8.271864965048692"
"735","187.207.253.47","8.271793306170071"
"736","14.169.49.142","8.271792278581469"
"737","200.5.55.202","8.27177955460613"
"738","176.210.241.119","8.27177589759297"
"739","180.242.207.6","8.27177328328092"
"740","111.93.52.170","8.271755829326684"
"741","180.243.230.206","8.271752187414707"
"742","98.6.46.68","8.271694868646932"
"743","109.165.37.54","8.271594722301135"
"744","36.78.203.192","8.271578522265264"
"745","183.82.153.174","8.271545049142874"
"746","189.145.45.246","8.271525373230745"
"747","37.29.40.143","8.271511318979138"
"748","2.179.123.241","8.271254711348211"
"749","2.186.229.12","8.271235820601417"
"750","103.113.2.246","8.271125059506717"
"751","2.180.2.134","8.271024815583617"
"752","12.111.40.2","8.270908490002777"
"753","2.179.110.135","8.270904152509567"
"754","5.43.240.135","8.270862182989147"
"755","188.162.37.69","8.270828842987866"
"756","151.235.215.168","8.270820319049374"
"757","41.230.57.129","8.27080830390839"
"758","46.166.89.98","8.270799946196256"
"759","188.162.64.139","8.27073940164965"
"760","77.40.61.238","8.270614653700171"
"761","83.171.125.99","8.270612144817335"
"762","83.149.46.173","8.270359575012442"
"763","2.187.188.66","8.270313657897141"
"764","185.66.252.182","8.270304831141353"
"765","5.189.16.185","8.270295248659506"
"766","196.219.142.135","8.270261543627262"
"767","94.25.229.250","8.270155273633016"
"768","46.8.33.250","8.270149832379095"
"769","213.5.134.14","8.27012947298892"
"770","95.137.204.67","8.270127296480991"
"771","82.212.88.108","8.270109582103492"
"772","31.168.50.98","8.270109174007318"
"773","80.229.113.184","8.270081272272964"
"774","95.83.6.12","8.270065175075707"
"775","212.193.94.28","8.270038195195957"
"776","197.58.81.111","8.26999353083181"
"777","178.168.25.141","8.269901707396528"
"778","109.252.62.233","8.26990114813956"
"779","212.90.191.162","8.26983473232688"
"780","91.236.142.194","8.269722017698056"
"781","88.125.210.14","8.269313862104884"
"782","182.191.92.206","8.152598910776858"
"783","190.236.239.6","8.152535924483866"
"784","59.89.12.67","8.15166495263391"
"785","181.46.136.143","8.151628104250095"
"786","113.190.154.29","8.151476246668452"
"787","206.132.109.110","8.15134031923585"
"788","59.97.236.243","8.151050867832932"
"789","182.23.116.56","8.150440678270101"
"790","125.166.197.34","8.150241162076126"
"791","182.23.46.90","8.150226423235123"
"792","182.253.232.95","8.15022127000243"
"793","103.210.43.12","8.149976610395886"
"794","103.70.198.82","8.149959187014375"
"795","95.140.18.115","8.147804412846446"
"796","203.45.116.61","8.134338556391663"
"797","77.42.125.126","8.132591130752855"
"798","34.91.173.48","8.07822853415277"
"799","31.163.129.230","8.078123606382858"
"800","47.251.12.124","7.984359711335656"
"801","209.126.103.170","7.972666264337171"
"802","173.249.44.34","7.972662021715207"
"803","154.160.23.67","7.870876815831893"
"804","5.186.249.96","7.858593496930605"
"805","72.231.178.203","7.858336322021348"
"806","91.185.130.77","7.832693913973659"
"807","186.95.6.128","7.813323396609154"
"808","14.231.220.237","7.788272094951486"
"809","201.48.86.75","7.78820338235976"
"810","125.166.117.202","7.787790183999567"
"811","36.83.138.255","7.78777495983288"
"812","78.37.18.70","7.7866995415259215"
"813","41.234.249.59","7.786468548064649"
"814","86.123.232.189","7.785883201345882"
"815","205.185.113.87","7.7717835186011195"
"816","62.165.249.38","7.729812416870153"
"817","80.42.231.89","7.700125330148855"
"818","123.187.31.5","7.699789415951582"
"819","123.13.200.122","7.697454735170581"
"820","103.213.242.4","7.599342076785332"
"821","58.248.17.84","7.581326168619841"
"822","203.83.225.30","7.5778316192694595"
"823","79.131.75.65","7.54983443527075"
"824","76.200.198.159","7.433034373659253"
"825","109.252.91.251","7.39935809715951"
"826","82.131.5.233","7.365459931328117"
"827","193.36.116.145","7.22841614740048"
"828","219.152.48.90","7.134471742883281"
"829","119.30.39.16","7.053367989832942"
"830","85.74.101.93","7.049751023972407"
"831","194.26.29.249","7.037002039220964"
"832","5.164.152.41","7.03567003205807"
"833","183.63.5.189","7.0136225126535"
"834","173.254.208.250","7.011190876020992"
"835","114.255.146.38","7.0080399185506925"
"836","93.140.19.45","7.007291042193124"
"837","118.68.11.132","7.006808742216387"
"838","46.255.216.116","7.00573843359856"
"839","103.215.140.50","7.005283720164373"
"840","175.182.224.138","7.004709433659615"
"841","182.253.62.188","7.004462488299869"
"842","105.244.119.35","7.004384055718247"
"843","77.42.109.187","7.002875070283633"
"844","66.152.151.147","7.002075406620526"
"845","104.200.28.148","7.001871803310883"
"846","45.79.134.186","7.001741747593951"
"847","156.222.144.49","7.001499982146682"
"848","171.229.138.254","7.00085953651407"
"849","178.150.117.16","7.000634131991187"
"850","185.54.92.68","7.000330938605688"
"851","37.104.87.230","7.000026696377665"
"852","218.49.4.101","7.0"
"853","37.111.3.127","6.935486551064748"
"854","2.184.178.38","6.935484267518743"
"855","180.254.16.154","6.935482223681349"
"856","180.183.26.180","6.935481542402084"
"857","171.7.235.213","6.9354809494367435"
"858","183.83.91.37","6.9354707680877725"
"859","45.248.158.221","6.935461457249978"
"860","140.213.148.247","6.935460006373044"
"861","125.25.30.180","6.9354575966550325"
"862","152.231.114.131","6.9354570289202995"
"863","186.0.116.233","6.935456839675378"
"864","183.89.180.100","6.9354558177527155"
"865","78.190.109.83","6.935455338332155"
"866","183.83.95.252","6.935454568735923"
"867","14.169.237.152","6.9354536729762675"
"868","170.0.207.240","6.935453597278263"
"869","116.15.226.95","6.935453496347589"
"870","49.37.204.222","6.935452625820466"
"871","36.72.215.14","6.935450228716229"
"872","180.248.49.23","6.93544746573716"
"873","157.44.35.131","6.833783371969"
"874","49.207.140.220","6.833779812446403"
"875","45.76.231.116","6.783905910314499"
"876","185.122.200.170","6.783566112304058"
"877","112.87.77.144","6.7824618963175896"
"878","14.164.26.208","6.782391676245187"
"879","46.172.64.13","6.7823843097394585"
"880","190.14.238.109","6.782378891288808"
"881","185.186.76.190","6.59545297913646"
"882","79.186.96.43","6.59545297913646"
"883","130.0.235.143","6.59545297913646"
"884","180.104.199.131","6.519194580237654"
"885","27.110.173.16","6.5"
"886","190.104.26.202","6.475639736736441"
"887","109.22.197.155","6.324555320336759"
"888","178.255.168.103","6.284902544988268"
"889","62.122.233.155","6.284902544988268"
"890","183.171.73.15","6.264982043070834"
"891","47.88.20.7","6.172519744804386"
"892","1.4.139.189","6.060136850765006"
"893","182.42.27.184","6.045519497942257"
"894","168.194.108.186","6.043142249690967"
"895","115.42.76.142","6.041595319118949"
"896","61.53.44.146","6.041522986797286"
"897","213.230.103.2","6.041442956777793"
"898","112.82.223.38","6.041285914439078"
"899","24.225.17.83","6.020833580161471"
"900","62.194.251.151","6.0208306113027295"
"901","223.149.104.155","6.0208300715100735"
"902","187.178.147.125","6.020829801613727"
"903","172.104.147.120","5.943197224558512"
"904","49.0.76.72","5.884347304502004"
"905","103.143.206.41","5.8843472152822525"
"906","102.189.163.218","5.8843354680031625"
"907","27.78.96.45","5.884325341532366"
"908","117.114.146.30","5.884324850821885"
"909","206.81.4.83","5.884324300631296"
"910","119.188.245.140","5.884323497650346"
"911","201.144.38.210","5.8843228731095305"
"912","80.194.203.19","5.873735034030732"
"913","130.105.142.179","5.85241798319293"
"914","171.246.22.190","5.852407731011229"
"915","5.52.113.47","5.852405466985348"
"916","123.206.215.238","5.852397393376496"
"917","116.73.235.221","5.852386009141912"
"918","14.254.128.121","5.85238504799539"
"919","115.75.187.238","5.85238487712488"
"920","58.65.153.246","5.8523835742370816"
"921","113.163.157.26","5.852383296572431"
"922","116.25.118.179","5.852383211137152"
"923","112.133.218.199","5.852382164554875"
"924","223.149.2.189","5.852349955359813"
"925","191.189.112.250","5.852349955359813"
"926","190.11.14.50","5.766316762024091"
"927","109.242.25.161","5.766281297335398"
"928","45.61.142.100","5.736062782954873"
"929","220.132.203.223","5.722869013877568"
"930","213.246.24.55","5.72284688769497"
"931","168.196.183.14","5.7228456208428335"
"932","27.71.142.64","5.722844878205245"
"933","187.120.171.97","5.722842956083977"
"934","181.223.238.213","5.722841230542745"
"935","114.47.122.173","5.722839701581725"
"936","219.85.254.42","5.72283679655466"
"937","182.140.235.233","5.722836010231291"
"938","117.247.139.96","5.722835245750135"
"939","164.163.20.114","5.722834241003317"
"940","79.112.142.126","5.722834197318668"
"941","190.244.36.238","5.722834066264721"
"942","117.92.49.237","5.722833389152615"
"943","151.66.22.204","5.722833105202352"
"944","1.34.211.60","5.722832908621394"
"945","213.47.10.152","5.722832275193814"
"946","152.169.19.143","5.72283065886105"
"947","89.230.74.37","5.7228306370187125"
"948","45.148.10.183","5.7228305714916985"
"949","123.193.229.91","5.7228302001719396"
"950","79.119.93.104","5.722829435690007"
"951","109.75.41.71","5.722829260951265"
"952","123.240.21.252","5.722828824104387"
"953","85.255.167.148","5.722828649365627"
"954","113.116.88.104","5.722828561996244"
"955","181.1.225.201","5.722827513563553"
"956","117.216.132.169","5.722827491721203"
"957","46.1.83.100","5.722827185928298"
"958","187.174.173.55","5.722827076716541"
"959","138.97.226.28","5.722826989347135"
"960","31.163.184.61","5.722826770923614"
"961","171.99.148.102","5.722825744332951"
"962","123.205.149.212","5.722825678805882"
"963","85.100.227.234","5.722824652215023"
"964","200.2.174.80","5.722823407200331"
"965","92.17.143.170","5.722822926668272"
"966","200.58.77.62","5.722822467978541"
"967","191.54.20.47","5.722820982697257"
"968","77.42.114.57","5.722820567692124"
"969","5.54.228.83","5.7228203929531105"
"970","187.202.128.131","5.722819825051284"
"971","195.28.182.175","5.7228196284698685"
"972","24.212.73.219","5.722819410046066"
"973","201.16.128.151","5.722819322676543"
"974","116.88.83.30","5.7228183179269285"
"975","158.140.160.78","5.722818274242158"
"976","188.232.28.140","5.722817793709669"
"977","77.183.83.231","5.722816679747832"
"978","177.102.75.215","5.722816373954349"
"979","91.201.180.70","5.722813927605894"
"980","89.137.175.230","5.722813731024276"
"981","42.118.88.254","5.7228137091818745"
"982","37.10.71.135","5.722813184964192"
"983","181.95.106.196","5.722812944697738"
"984","187.120.149.27","5.722810760456788"
"985","115.96.150.116","5.722810214396421"
"986","189.127.177.33","5.722808314105934"
"987","114.36.51.97","5.722807527778651"
"988","27.76.204.58","5.7228072438271065"
"989","49.87.133.189","5.722807156457398"
"990","180.242.216.44","5.722806981717976"
"991","95.9.193.246","5.722806959875546"
"992","42.112.54.99","5.722806501184537"
"993","178.46.209.86","5.722806391972386"
"994","103.78.19.163","5.722806304602664"
"995","131.196.0.204","5.7228059551237624"
"996","139.162.254.78","5.722805911438898"
"997","187.236.252.85","5.722805125111286"
"998","95.180.254.60","5.72280505958398"
"999","46.176.107.121","5.722804644577692"
"1000","190.114.237.95","5.7228033995586465"
"1001","175.183.11.33","5.722801936114861"
"1002","114.33.153.246","5.722801477423448"
"1003","152.249.238.108","5.722801477423448"
"1004","79.45.26.14","5.722801258998953"
"1005","172.105.13.21","5.722799293178121"
"1006","107.1.208.106","5.7227988126440374"
"1007","42.112.205.82","5.72279870343174"
"1008","190.141.37.197","5.72279868158928"
"1009","220.132.243.97","5.7227986160619"
"1010","123.189.8.167","5.7227984850071385"
"1011","118.45.61.244","5.722798332109913"
"1012","58.9.84.183","5.722798310267452"
"1013","67.78.106.21","5.722798244740067"
"1014","112.185.217.63","5.722798222897606"
"1015","36.94.69.81","5.72279813552776"
"1016","49.112.94.64","5.722798091842836"
"1017","177.41.3.124","5.722797786048359"
"1018","5.54.208.102","5.722797764205896"
"1019","14.185.87.57","5.722797742363433"
"1020","45.165.181.176","5.722797589466187"
"1021","191.92.86.247","5.722797567623723"
"1022","175.144.193.32","5.722797502096331"
"1023","112.149.75.100","5.722797480253866"
"1024","114.229.115.137","5.722797480253866"
"1025","185.107.95.216","5.722797458411402"
"1026","60.218.153.203","5.722797414726473"
"1027","5.55.100.182","5.722797327356614"
"1028","75.161.15.197","5.722797174459357"
"1029","81.177.203.155","5.722797065247028"
"1030","178.174.213.59","5.72279699971963"
"1031","113.122.154.241","5.722796934192231"
"1032","192.35.168.157","5.722796868664831"
"1033","220.134.14.226","5.722796868664831"
"1034","164.215.142.137","5.722796759452497"
"1035","143.137.162.85","5.722796759452497"
"1036","77.42.89.188","5.722796693925095"
"1037","47.245.55.196","5.72279665024016"
"1038","46.12.193.224","5.722796628397693"
"1039","189.126.43.243","5.7227966065552245"
"1040","82.77.249.235","5.722796584712757"
"1041","197.51.118.115","5.72279656287029"
"1042","59.53.248.60","5.72279656287029"
"1043","115.72.135.184","5.722796541027821"
"1044","112.233.236.52","5.722796541027821"
"1045","125.34.57.79","5.722796541027821"
"1046","178.66.95.109","5.722796541027821"
"1047","113.174.96.250","5.722796497342886"
"1048","2.26.31.59","5.7227964755004175"
"1049","85.98.93.164","5.7227964755004175"
"1050","77.42.77.59","5.722796453657949"
"1051","50.116.48.34","5.722796453657949"
"1052","113.208.119.2","5.722796409973013"
"1053","153.99.5.237","5.722796409973013"
"1054","190.161.253.159","5.722796409973013"
"1055","202.71.13.50","5.722796322603138"
"1056","117.1.87.90","5.7227962789182"
"1057","187.17.185.29","5.7227962789182"
"1058","190.219.208.2","5.722796235233262"
"1059","84.215.99.26","5.722796191548324"
"1060","177.129.17.64","5.722796191548324"
"1061","187.56.46.16","5.722796191548324"
"1062","42.117.114.150","5.722796191548324"
"1063","114.40.65.75","5.722796104178446"
"1064","92.233.39.121","5.722796082335976"
"1065","197.33.76.182","5.722796082335976"
"1066","93.170.53.180","5.722796060493507"
"1067","122.247.251.158","5.722795994966097"
"1068","161.35.51.65","5.722795973123627"
"1069","181.99.91.234","5.722795973123627"
"1070","95.71.162.41","5.722795951281157"
"1071","180.115.246.100","5.722795951281157"
"1072","42.188.242.80","5.722795951281157"
"1073","151.234.139.252","5.722795951281157"
"1074","191.31.175.19","5.7227959294386865"
"1075","62.78.85.127","5.7227959075962165"
"1076","45.178.18.224","5.722795885753746"
"1077","103.53.113.71","5.722795842068805"
"1078","159.192.226.68","5.722795842068805"
"1079","117.67.119.72","5.7227957983838635"
"1080","150.129.115.117","5.722795776541393"
"1081","182.155.218.37","5.722795776541393"
"1082","123.110.190.157","5.722795689171509"
"1083","185.165.126.236","5.722795623644094"
"1084","34.71.150.207","5.7227955799591514"
"1085","116.109.106.123","5.722795492589264"
"1086","219.91.142.47","5.722795470746792"
"1087","5.68.61.105","5.722795427061849"
"1088","188.15.218.197","5.722795427061849"
"1089","114.112.34.60","5.722795361534431"
"1090","77.42.80.9","5.722795296007013"
"1091","109.116.3.55","5.7227952741645405"
"1092","185.47.66.237","5.722795230479595"
"1093","171.243.0.109","5.722795208637122"
"1094","68.146.45.90","5.722795143109702"
"1095","31.163.142.76","5.722795121267229"
"1096","116.110.176.251","5.7227950775822825"
"1097","180.175.74.183","5.722795033897335"
"1098","178.219.29.68","5.722794902842492"
"1099","180.105.155.43","5.722794859157543"
"1100","47.37.171.67","5.722794837315068"
"1101","180.105.155.146","5.722794793630119"
"1102","200.107.239.156","5.722794728102695"
"1103","58.48.87.192","5.7227947062602205"
"1104","59.127.148.34","5.7227947062602205"
"1105","220.135.180.40","5.722794684417745"
"1106","91.201.188.240","5.72279466257527"
"1107","103.73.212.108","5.72279461889032"
"1108","89.36.149.12","5.722794597047844"
"1109","187.73.211.255","5.722794575205369"
"1110","210.187.190.200","5.722794575205369"
"1111","218.161.87.208","5.722794575205369"
"1112","181.49.217.190","5.722794553362894"
"1113","87.221.15.48","5.722794531520418"
"1114","2.187.39.72","5.722794509677942"
"1115","187.120.148.42","5.722794444150515"
"1116","78.85.237.173","5.722794444150515"
"1117","221.159.24.134","5.722794313095657"
"1118","122.232.6.0","5.722794291253181"
"1119","106.110.105.203","5.722794291253181"
"1120","111.224.167.80","5.722794269410705"
"1121","77.42.85.220","5.722794247568228"
"1122","61.134.251.135","5.722794225725751"
"1123","31.163.136.240","5.72279416019832"
"1124","183.144.81.211","5.722794094670888"
"1125","121.13.107.161","5.722794094670888"
"1126","45.83.66.218","5.722794050985934"
"1127","80.25.83.177","5.722794050985934"
"1128","190.4.60.6","5.722794029143457"
"1129","27.21.41.218","5.722794029143457"
"1130","110.47.95.38","5.722794029143457"
"1131","114.107.174.21","5.722794007300979"
"1132","186.188.104.244","5.722793985458502"
"1133","201.170.207.133","5.722793963616024"
"1134","78.38.18.156","5.722793963616024"
"1135","178.205.174.172","5.7227939417735465"
"1136","176.43.128.242","5.722793876246112"
"1137","181.229.56.119","5.722793854403633"
"1138","42.117.182.98","5.722793854403633"
"1139","2.61.174.97","5.722793832561155"
"1140","191.243.61.230","5.722793810718677"
"1141","110.150.198.220","5.722793701506284"
"1142","104.219.150.28","5.7227936796638055"
"1143","115.73.107.127","5.7227936796638055"
"1144","187.152.189.117","5.722793614136369"
"1145","103.49.57.156","5.722793614136369"
"1146","185.140.234.243","5.72279357045141"
"1147","176.101.59.253","5.722793548608931"
"1148","45.83.67.76","5.722793548608931"
"1149","58.79.249.220","5.722793504923972"
"1150","200.53.28.189","5.722793461239013"
"1151","191.189.212.173","5.722793395711574"
"1152","83.172.105.207","5.722793330184133"
"1153","117.251.198.124","5.722793330184133"
"1154","189.26.71.140","5.722793308341653"
"1155","79.117.139.126","5.722793308341653"
"1156","112.197.206.207","5.722793242814212"
"1157","117.194.77.10","5.7227931772867695"
"1158","85.104.92.98","5.722793133601808"
"1159","181.91.19.212","5.722793133601808"
"1160","187.202.158.172","5.722793089916846"
"1161","106.125.85.50","5.722793068074365"
"1162","120.32.106.216","5.7227930462318835"
"1163","141.8.99.100","5.7227929807044395"
"1164","220.134.192.221","5.7227929807044395"
"1165","103.215.83.168","5.722792937019476"
"1166","72.228.172.95","5.722792937019476"
"1167","96.71.139.54","5.722792915176995"
"1168","149.200.255.152","5.7227927841221025"
"1169","45.79.109.33","5.722792718594655"
"1170","186.233.208.57","5.72279193226523"
"1171","179.110.180.230","5.722791757525343"
"1172","220.250.49.67","5.7227909930382745"
"1173","179.220.230.198","5.7227909275108075"
"1174","90.150.199.81","5.722787279813919"
"1175","170.233.29.46","5.7227840034374875"
"1176","5.100.53.98","5.722780290208598"
"1177","177.86.123.147","5.722769128664899"
"1178","49.172.98.10","5.7227669662498055"
"1179","197.56.18.39","5.72276451988023"
"1180","85.221.129.190","5.7227630782690975"
"1181","82.80.181.78","5.722762947213522"
"1182","116.212.155.85","5.722762488518985"
"1183","14.0.19.30","5.718391382198319"
"1184","199.83.206.208","5.545268253204709"
"1185","174.128.240.172","5.477225575051661"
"1186","47.105.223.36","5.477225575051661"
"1187","193.124.188.159","5.305657357952923"
"1188","77.43.244.127","5.220153254455275"
"1189","222.247.2.244","4.873397172404482"
"1190","193.56.28.156","4.8218253804964775"
"1191","89.46.105.84","4.8218253804964775"
"1192","89.187.175.18","4.8218253804964775"
"1193","98.159.110.250","4.8218253804964775"
"1194","223.207.235.190","4.47213595499958"
"1195","14.207.201.119","4.47213595499958"
"1196","193.176.181.168","4.47213595499958"
"1197","223.149.207.200","4.47213595499958"
"1198","213.230.93.172","4.242640687119285"
"1199","103.241.46.143","4.242640687119285"
"1200","113.106.135.145","4.242640687119285"
"1201","222.244.253.40","4.242640687119285"
"1202","31.47.192.146","4.242640687119285"
"1203","62.122.213.247","4.242640687119285"
"1204","103.195.251.154","4.242640687119285"
"1205","2.190.143.40","4.242640687119285"
"1206","114.5.246.39","4.242640687119285"
"1207","118.69.77.89","4.242640687119285"
"1208","42.114.109.30","4.242640687119285"
"1209","203.99.174.50","4.242640687119285"
"1210","45.71.75.106","4.242640687119285"
"1211","183.83.77.82","4.242640687119285"
"1212","201.210.54.242","4.242640687119285"
"1213","90.143.2.100","4.242640687119285"
"1214","181.143.210.114","4.242640687119285"
"1215","113.20.101.42","4.242640687119285"
"1216","36.73.35.237","4.242640687119285"
"1217","92.50.158.190","4.242640687119285"
"1218","171.241.157.23","4.242640687119285"
"1219","187.190.146.175","4.242640687119285"
"1220","180.253.103.86","4.242640687119285"
"1221","222.88.251.10","4.242640687119285"
"1222","14.166.210.12","4.242640687119285"
"1223","183.88.1.93","4.242640687119285"
"1224","101.51.94.14","4.242640687119285"
"1225","188.162.184.89","4.242640687119285"
"1226","117.217.33.1","4.242640687119285"
"1227","118.70.155.208","4.242640687119285"
"1228","176.62.41.122","4.242640687119285"
"1229","43.251.255.103","4.242640687119285"
"1230","200.68.20.82","4.242640687119285"
"1231","31.180.173.121","4.242640687119285"
"1232","36.84.218.181","4.242640687119285"
"1233","114.39.78.15","4.242640687119285"
"1234","171.103.163.126","4.242640687119285"
"1235","85.117.60.115","4.242640687119285"
"1236","140.213.56.62","4.242640687119285"
"1237","222.88.202.83","4.242640687119285"
"1238","116.98.174.171","4.242640687119285"
"1239","167.60.99.130","4.242640687119285"
"1240","14.177.198.4","4.242640687119285"
"1241","49.207.131.77","4.242640687119285"
"1242","49.207.209.1","4.242640687119285"
"1243","171.225.250.138","4.242640687119285"
"1244","182.253.228.47","4.242640687119285"
"1245","36.92.134.251","4.242640687119285"
"1246","181.14.158.33","4.242640687119285"
"1247","113.23.4.207","4.242640687119285"
"1248","171.231.20.129","4.242640687119285"
"1249","190.74.98.72","4.242640687119285"
"1250","122.176.113.244","4.242640687119285"
"1251","46.185.148.204","4.242640687119285"
"1252","123.201.100.6","4.123105625617661"
"1253","121.6.35.101","4.123105625617661"
"1254","41.78.83.98","4.123105625617661"
"1255","117.197.42.69","4.123105625617661"
"1256","125.31.48.158","4.06201920231798"
"1257","121.168.186.152","4.06201920231798"
"1258","137.25.190.114","4.06201920231798"
"1259","189.141.142.45","4.06201920231798"
"1260","51.222.33.240","4.06201920231798"
"1261","117.211.13.81","4.06201920231798"
"1262","31.210.214.241","4.06201920231798"
"1263","116.108.124.221","4.06201920231798"
"1264","180.228.78.239","4.06201920231798"
"1265","113.177.251.161","4.06201920231798"
"1266","212.176.40.21","4.06201920231798"
"1267","216.176.149.179","4.06201920231798"
"1268","45.3.14.95","4.06201920231798"
"1269","189.236.252.98","4.06201920231798"
"1270","201.252.69.202","4.06201920231798"
"1271","172.104.109.32","4.06201920231798"
"1272","58.115.164.27","4.06201920231798"
"1273","45.201.177.98","4.06201920231798"
"1274","192.35.168.64","4.06201920231798"
"1275","192.35.168.65","4.06201920231798"
"1276","192.35.168.66","4.06201920231798"
"1277","94.236.141.162","4.06201920231798"
"1278","14.167.9.153","4.06201920231798"
"1279","12.226.34.114","4.06201920231798"
"1280","78.141.215.191","4.06201920231798"
"1281","59.95.145.56","4.06201920231798"
"1282","171.250.2.217","4.06201920231798"
"1283","41.141.181.113","4.06201920231798"
"1284","115.214.219.203","4.06201920231798"
"1285","117.194.240.155","4.06201920231798"
"1286","182.240.202.192","4.06201920231798"
"1287","178.46.211.162","4.06201920231798"
"1288","213.221.32.18","4.06201920231798"
"1289","103.59.140.102","4.06201920231798"
"1290","2.183.214.134","4.06201920231798"
"1291","189.153.243.177","4.06201920231798"
"1292","31.135.181.34","4.06201920231798"
"1293","119.96.92.60","4.06201920231798"
"1294","79.189.204.177","4.06201920231798"
"1295","92.53.34.38","4.06201920231798"
"1296","103.53.113.60","4.06201920231798"
"1297","223.197.136.59","4.06201920231798"
"1298","189.59.84.90","4.06201920231798"
"1299","169.62.179.219","4.06201920231798"
"1300","222.167.99.73","4.06201920231798"
"1301","93.46.241.37","4.06201920231798"
"1302","165.90.239.176","4.06201920231798"
"1303","45.70.52.172","4.06201920231798"
"1304","188.4.148.252","4.06201920231798"
"1305","124.78.2.157","4.06201920231798"
"1306","159.203.40.166","4.06201920231798"
"1307","2.179.114.154","4.06201920231798"
"1308","177.159.9.128","4.06201920231798"
"1309","5.135.39.212","4.06201920231798"
"1310","125.161.198.81","4.06201920231798"
"1311","112.197.139.114","4.06201920231798"
"1312","71.194.232.131","4.06201920231798"
"1313","86.108.103.106","4.06201920231798"
"1314","170.84.204.215","4.06201920231798"
"1315","93.125.48.119","4.06201920231798"
"1316","178.62.68.153","4.06201920231798"
"1317","177.89.84.103","4.06201920231798"
"1318","14.41.88.33","4.06201920231798"
"1319","189.130.37.73","4.06201920231798"
"1320","177.131.55.209","4.06201920231798"
"1321","144.217.11.208","4.06201920231798"
"1322","124.248.177.42","4.06201920231798"
"1323","113.54.217.159","4.06201920231798"
"1324","34.87.213.208","4.06201920231798"
"1325","115.96.124.219","4.06201920231798"
"1326","95.9.211.210","4.06201920231798"
"1327","115.75.215.229","4.06201920231798"
"1328","168.90.223.118","4.06201920231798"
"1329","211.250.72.142","4.06201920231798"
"1330","149.202.86.115","4.06201920231798"
"1331","178.217.155.150","4.06201920231798"
"1332","58.10.92.105","4.06201920231798"
"1333","223.149.48.239","4.06201920231798"
"1334","182.117.0.89","4.06201920231798"
"1335","115.75.10.105","4.06201920231798"
