"# Top 25000 IPs from data gathered in last 24 hours only","2020-06-12"
"Number","IP address","Rating"
"0","103.12.211.215","646.1292200642639"
"1","202.79.174.41","524.616848815075"
"2","91.231.255.55","476.15008602387115"
"3","109.162.116.136","460.55444489842944"
"4","61.223.130.164","444.22346804391833"
"5","148.77.9.139","443.1057102338793"
"6","118.71.205.130","442.33212723279684"
"7","36.238.9.32","440.8915812420427"
"8","45.65.228.194","439.46442336204507"
"9","188.170.76.248","437.151699301818"
"10","117.3.156.39","436.0498889056486"
"11","116.58.232.168","435.8863120141519"
"12","49.48.50.197","432.48012581541667"
"13","14.191.42.20","431.97965091566135"
"14","37.19.77.220","431.8330291480785"
"15","36.77.120.126","431.3200131845262"
"16","106.0.38.223","423.9816876457784"
"17","45.123.2.61","423.153047204789"
"18","125.24.235.48","422.59171453707825"
"19","95.71.128.101","419.56476419751493"
"20","176.88.212.58","417.190242479216"
"21","119.93.116.35","416.57622007886255"
"22","180.252.50.60","416.5419466968641"
"23","78.186.175.200","414.80382574992973"
"24","1.160.84.126","414.78129346628316"
"25","186.231.156.10","413.5137515266492"
"26","95.139.244.49","413.3682961640698"
"27","159.146.13.67","409.76266659772847"
"28","200.44.218.19","408.82260910819696"
"29","212.56.210.130","408.6518532838016"
"30","180.250.173.66","408.47736423534445"
"31","116.109.232.175","406.66610022453875"
"32","187.188.167.211","406.4859767260908"
"33","134.249.209.120","405.67384881738616"
"34","60.190.200.206","404.57794897722044"
"35","31.132.248.227","403.119300272071"
"36","114.37.16.101","402.7218763986279"
"37","190.198.231.107","400.3135571461234"
"38","103.81.114.234","399.8761720321386"
"39","31.43.254.208","399.6593580363481"
"40","177.8.160.104","398.76388937574984"
"41","182.180.158.242","398.1500948238973"
"42","103.253.174.204","397.05198099282484"
"43","186.91.139.151","396.85717315190703"
"44","77.93.115.179","395.49047223974287"
"45","115.127.19.84","395.2778502169633"
"46","103.217.156.61","391.6112481538814"
"47","218.103.118.174","389.9729308939425"
"48","190.78.69.182","389.7617270447996"
"49","36.82.97.196","389.52107170956623"
"50","49.36.62.11","388.5225937354807"
"51","111.93.184.170","388.4713512376449"
"52","45.186.145.158","388.2227468501173"
"53","183.83.146.89","388.0563561340424"
"54","87.17.106.24","388.02012805361755"
"55","88.248.17.226","385.9165566352106"
"56","113.254.105.215","385.64479512193304"
"57","203.115.113.93","385.2739165678406"
"58","109.184.108.137","384.69580253171154"
"59","95.183.249.62","384.68225657573134"
"60","181.129.182.3","383.0441784621833"
"61","88.231.23.64","382.99358896696594"
"62","123.185.57.60","382.78811376968713"
"63","110.138.151.100","381.30965836254643"
"64","46.98.47.68","381.1881945521539"
"65","110.137.36.126","380.9737733052545"
"66","27.34.5.49","380.5130751348253"
"67","187.190.67.202","378.192462752285"
"68","93.112.23.191","372.48687313458595"
"69","36.234.140.198","372.1678655453572"
"70","60.161.26.35","372.10297901908876"
"71","113.178.213.180","372.04643515931633"
"72","118.168.154.60","370.74515807122583"
"73","36.92.134.167","369.36961853921844"
"74","113.160.219.211","368.3262509501447"
"75","185.6.164.62","366.4311826849961"
"76","103.119.128.245","365.67217580443946"
"77","114.26.18.172","362.25718443866054"
"78","196.188.72.233","361.8963211544464"
"79","1.174.243.108","361.5215090975251"
"80","176.100.181.46","361.22371277169077"
"81","148.229.29.200","359.64057073521246"
"82","41.63.185.222","358.7203396319413"
"83","94.240.217.85","353.09037648495536"
"84","88.253.88.154","352.1328804587173"
"85","177.189.122.36","351.8010508025031"
"86","103.63.109.16","350.52971351868126"
"87","103.74.111.5","350.31115304309196"
"88","181.90.158.101","349.8939704598168"
"89","125.25.147.142","347.5928487551916"
"90","200.60.132.181","347.2520829422324"
"91","122.163.126.81","345.91668105653577"
"92","95.71.77.84","344.3612306991224"
"93","186.89.252.143","342.5436474872169"
"94","89.41.219.212","339.516256195508"
"95","103.228.250.199","336.9070592654169"
"96","78.84.162.68","336.317219816187"
"97","126.129.90.150","333.78680574051447"
"98","14.226.91.165","333.4863736000818"
"99","190.74.90.255","330.0991261099747"
"100","77.93.50.69","326.806552476219"
"101","183.88.241.66","323.2642967548972"
"102","42.119.250.39","322.49991733393074"
"103","43.226.146.195","320.6238355865094"
"104","115.72.78.154","319.37894449918997"
"105","180.242.115.24","318.5612366233919"
"106","1.54.25.119","317.58995630942513"
"107","103.199.175.9","314.06271151753833"
"108","131.72.15.5","313.12426691677877"
"109","78.182.24.93","312.0240937740078"
"110","123.23.109.14","310.7910570482434"
"111","203.194.111.41","308.3898663422192"
"112","186.28.209.121","304.0114509890435"
"113","178.213.30.183","303.6140718883059"
"114","45.115.4.242","300.16816964360163"
"115","117.5.137.39","298.37265869013515"
"116","81.214.67.232","297.3479879897934"
"117","185.66.129.111","292.74386103029696"
"118","87.7.84.19","287.46856466057335"
"119","190.206.46.55","284.1701969295594"
"120","49.233.206.241","280.5097662855965"
"121","77.39.191.203","278.21125982335525"
"122","176.32.130.119","275.33724050473035"
"123","182.76.244.6","274.55146925894053"
"124","46.100.153.104","242.3264897053003"
"125","176.122.0.51","234.59573674983722"
"126","85.98.43.96","231.29866989885235"
"127","95.24.220.66","217.36742887185295"
"128","14.164.206.158","204.7050161149865"
"129","14.168.80.104","185.55404062029274"
"130","113.172.240.173","181.37092611673853"
"131","189.180.2.248","171.84250540837385"
"132","189.180.6.156","166.51561330155292"
"133","189.180.3.172","162.88848528442296"
"134","189.180.3.150","161.2819426618122"
"135","182.53.146.144","145.21556067312423"
"136","87.189.181.250","140.12322914938122"
"137","91.77.252.29","104.74028519247024"
"138","1.53.150.1","81.13092548424973"
"139","95.179.243.207","80.88077841799002"
"140","139.99.22.90","79.60460413250927"
"141","98.198.18.45","74.12073297499155"
"142","51.89.182.213","70.80075653144151"
"143","31.214.243.70","69.94223124693693"
"144","85.248.227.164","68.75311164017414"
"145","176.123.5.140","67.50657434491632"
"146","175.107.217.205","64.80985019848448"
"147","175.107.217.216","63.25412589058187"
"148","74.96.76.204","62.89422954241808"
"149","175.107.217.133","62.011412147214216"
"150","101.53.245.194","59.550066476774276"
"151","202.163.108.199","58.68830925507013"
"152","23.129.64.186","56.93552188763933"
"153","167.88.7.134","56.802754198590186"
"154","124.163.199.31","56.539819945769196"
"155","82.19.64.154","55.22634979518382"
"156","175.107.217.70","53.14794943833676"
"157","175.107.217.196","53.13207722748747"
"158","64.125.29.123","52.94233691314542"
"159","137.59.217.157","52.866566213075906"
"160","175.107.217.58","52.63169149702926"
"161","67.9.2.245","52.3727573099794"
"162","192.35.168.203","52.360938410469686"
"163","175.107.217.217","52.23226182638466"
"164","175.107.216.156","51.578942043967906"
"165","23.119.190.216","51.11833906947795"
"166","175.107.217.193","50.86105552458581"
"167","175.107.217.131","50.86083951025091"
"168","103.31.100.250","50.78904831026567"
"169","175.107.216.254","50.717364549654"
"170","175.107.217.212","50.71700134545614"
"171","175.107.217.94","49.969860297801695"
"172","103.31.100.9","49.523722638522166"
"173","101.53.245.198","49.43570484385846"
"174","175.107.217.141","49.14265835069087"
"175","103.31.100.22","48.87775016675416"
"176","103.31.100.248","48.23210875429732"
"177","103.31.101.228","48.16973363103641"
"178","51.195.6.64","47.99542699549888"
"179","5.101.166.40","47.92565485233352"
"180","175.107.217.185","47.1350855941198"
"181","101.53.245.55","46.968362241566396"
"182","101.53.245.201","46.89264051149178"
"183","103.31.100.236","46.8887291866073"
"184","203.101.188.120","46.81028988587872"
"185","175.107.216.152","46.70416346305041"
"186","47.17.155.233","46.36646712846915"
"187","209.58.183.109","46.24901700314264"
"188","103.18.23.5","45.943936683382574"
"189","175.107.236.25","45.65975012889726"
"190","175.107.217.202","45.287237176530574"
"191","201.210.228.194","45.23465420228168"
"192","175.107.217.41","44.98963223751298"
"193","203.101.189.210","44.898979434392494"
"194","137.59.218.74","44.89651262774575"
"195","175.107.217.60","44.89646626406136"
"196","175.107.236.13","44.81179695627034"
"197","101.53.245.206","44.72714596044182"
"198","175.107.216.78","43.3632367746574"
"199","175.107.217.93","43.04729330108921"
"200","101.53.245.83","42.72456982002569"
"201","101.53.245.157","42.6345255750841"
"202","101.53.245.207","42.63400307024605"
"203","101.53.245.92","42.543918763290954"
"204","103.31.101.248","42.54380107357005"
"205","101.53.245.80","42.543762010134934"
"206","101.53.245.82","42.543311265183036"
"207","122.51.29.221","42.43417649493827"
"208","167.99.107.133","41.645987989240936"
"209","175.107.216.85","41.36774160269258"
"210","93.77.213.168","40.799013208042176"
"211","175.107.236.19","40.67362271283091"
"212","137.59.218.29","40.33963473203849"
"213","175.107.217.43","40.33962650678787"
"214","93.132.116.186","40.25500494969538"
"215","175.107.216.218","40.241941270537986"
"216","137.59.218.17","40.24177680186883"
"217","112.213.98.163","40.08145525447731"
"218","209.107.216.113","40.01197559481411"
"219","187.195.166.195","39.73329429343477"
"220","15.236.140.95","39.44287047958547"
"221","47.12.150.19","39.29537615292669"
"222","46.133.53.17","39.173005900109324"
"223","108.238.188.149","39.00591682963738"
"224","192.35.169.48","38.72549542339646"
"225","84.17.46.235","38.2306199331766"
"226","101.53.245.44","38.014284081776424"
"227","175.107.236.28","37.90727228052686"
"228","82.132.234.50","37.84365259723221"
"229","103.31.101.253","37.800143027176496"
"230","98.176.213.233","37.72041549223151"
"231","128.234.32.132","37.307376419862784"
"232","216.239.35.12","36.994214816306076"
"233","204.48.24.157","36.972231393979996"
"234","205.185.114.231","36.07120841301273"
"235","202.163.107.16","35.8641762147132"
"236","101.53.245.51","35.42839745105613"
"237","175.107.217.19","35.3091612541278"
"238","175.107.217.14","35.18918079637547"
"239","175.107.217.25","35.18891317162268"
"240","109.248.190.201","34.66821399711846"
"241","154.66.124.15","34.12082304977051"
"242","101.78.15.19","34.05679136708901"
"243","173.19.241.214","33.880981230223064"
"244","113.203.240.35","33.84291321703297"
"245","113.186.140.122","33.837562056876095"
"246","114.33.40.110","33.8021681527698"
"247","82.222.20.210","33.78151347092613"
"248","24.147.224.239","33.74818024373516"
"249","218.22.114.10","33.69863850810594"
"250","101.109.255.115","33.54491412153903"
"251","115.79.228.250","33.5370118348122"
"252","117.4.76.30","33.48182273707444"
"253","66.181.161.25","33.3112910472765"
"254","186.10.24.66","33.209452454835805"
"255","147.135.105.13","33.147262246354096"
"256","190.166.169.29","33.01419723618916"
"257","83.149.46.66","33.00576860595735"
"258","188.19.49.142","33.00476823899844"
"259","172.58.188.155","33.00283322740207"
"260","85.105.251.158","32.92765412710547"
"261","202.40.191.118","32.85147478211595"
"262","75.52.84.164","32.84033417537038"
"263","94.41.230.50","32.78624217091675"
"264","31.214.160.176","32.69438236150058"
"265","31.23.78.3","32.647928613521124"
"266","116.0.54.20","32.571856709589035"
"267","49.207.62.251","32.54196144655828"
"268","34.222.225.52","32.458006720222365"
"269","118.165.135.102","32.440159690464796"
"270","130.0.220.35","32.42681816644982"
"271","98.201.168.193","32.40204947838948"
"272","172.58.4.132","32.40201508884131"
"273","64.210.149.51","32.38275725212416"
"274","101.53.245.58","32.36813754952546"
"275","149.56.107.88","32.33873498537853"
"276","200.58.81.209","32.323329978128804"
"277","45.84.196.66","32.30210995817456"
"278","84.17.46.137","32.223233225315916"
"279","95.90.223.29","32.217456699745874"
"280","37.252.80.63","32.20283725110924"
"281","1.20.89.198","32.19909559532912"
"282","51.222.30.109","31.976650133668674"
"283","190.57.75.42","31.950169688751267"
"284","45.83.67.43","31.68914382718473"
"285","5.9.189.231","31.621119489741073"
"286","183.88.36.23","31.53807505122724"
"287","139.99.29.235","30.876066613155245"
"288","175.24.55.231","30.805697606124745"
"289","147.135.8.14","30.55884859169272"
"290","34.209.185.133","30.40956638954262"
"291","45.83.66.134","30.01786955714879"
"292","217.12.210.237","29.939895766351622"
"293","86.143.127.164","29.933051495199845"
"294","98.145.3.26","29.842054005212173"
"295","223.190.107.55","29.799233489093307"
"296","137.59.218.94","29.443092149093307"
"297","175.107.217.10","29.277192539586167"
"298","134.122.101.207","29.257740612528508"
"299","185.172.56.103","29.25334493420323"
"300","103.149.192.39","28.862021784691386"
"301","118.136.224.144","28.83942669506452"
"302","172.89.221.217","28.514584338545074"
"303","108.61.129.57","28.468182787982798"
"304","51.195.66.19","28.38388722039319"
"305","82.178.172.144","28.38388611976873"
"306","45.77.84.20","28.383861138682313"
"307","14.237.200.184","28.38193681434256"
"308","45.79.144.253","28.356817328466185"
"309","98.202.152.106","28.257650271563627"
"310","95.37.230.225","28.176963515764967"
"311","140.213.67.201","28.097409413502877"
"312","40.121.70.95","28.00947031786749"
"313","190.207.3.243","27.872430169434455"
"314","125.167.68.209","27.777235415669068"
"315","103.78.12.36","27.73137294888228"
"316","98.171.96.51","27.509937504862286"
"317","217.241.69.39","27.444416818362164"
"318","78.184.171.111","27.220955219738343"
"319","1.52.34.207","27.217407107745405"
"320","115.230.126.84","27.211463528446977"
"321","190.207.35.128","26.788337845039955"
"322","192.35.168.250","26.78683085678483"
"323","42.92.184.75","26.602304498388857"
"324","106.13.216.30","26.599610949692476"
"325","36.76.91.89","26.50399228355356"
"326","95.141.140.102","26.47328813402149"
"327","95.167.112.18","26.468062180909655"
"328","190.152.144.237","26.440072381303562"
"329","118.173.93.85","26.416809866068235"
"330","42.119.72.241","26.39452611811775"
"331","81.213.199.223","26.388414486474932"
"332","171.255.69.53","26.368774799596174"
"333","170.51.165.240","26.35190543869646"
"334","115.84.82.145","26.334542979195156"
"335","73.199.171.29","26.26680697096623"
"336","171.238.128.39","26.238400885915286"
"337","183.15.91.191","26.21525561576694"
"338","203.81.71.88","26.186835818375833"
"339","2.93.252.90","26.098084870487007"
"340","113.165.166.169","25.99115322717658"
"341","113.160.171.24","25.951045671128554"
"342","177.238.154.226","25.942953819871786"
"343","183.134.40.229","25.83026250834474"
"344","101.53.245.61","25.818455963225222"
"345","175.107.236.45","25.81828867585921"
"346","106.12.117.196","25.7745190856202"
"347","112.133.236.23","25.75802627920082"
"348","178.239.157.236","25.74098602160154"
"349","117.40.177.46","25.73641421459097"
"350","71.234.230.197","25.672860156690763"
"351","123.231.239.67","25.643117730410907"
"352","45.178.1.11","25.594225223138267"
"353","14.242.182.184","25.59097253190217"
"354","88.252.34.36","25.57894283646707"
"355","58.186.101.54","25.54189776496089"
"356","196.41.243.3","25.501254270868717"
"357","171.228.201.139","25.488513576903618"
"358","103.71.190.129","25.432076868452114"
"359","42.119.236.34","25.400742891203006"
"360","117.102.94.43","25.392948724006043"
"361","182.185.85.44","25.305041365450144"
"362","113.105.170.12","25.298269348045334"
"363","189.140.164.110","25.295398155840523"
"364","5.189.57.181","25.28260525897697"
"365","188.162.192.204","25.280219095173997"
"366","180.183.225.53","25.27984170158395"
"367","36.83.221.73","25.264922440195434"
"368","61.221.228.19","25.249241904131164"
"369","110.139.122.182","25.24490294128698"
"370","183.89.29.14","25.218315263486012"
"371","183.88.8.143","25.217590687284712"
"372","103.76.211.181","25.166654799697614"
"373","27.72.102.30","25.130839136034634"
"374","105.242.17.59","25.127486772830068"
"375","36.75.9.163","25.126321570342323"
"376","130.105.129.11","25.122282596901332"
"377","176.14.141.245","25.120629226668466"
"378","123.16.146.207","25.120569509581472"
"379","109.194.62.14","25.12019872483098"
"380","106.223.165.50","25.09641387051146"
"381","152.32.101.213","25.09304386212774"
"382","36.82.144.52","25.085442549290416"
"383","185.81.157.72","25.0403511989482"
"384","113.252.234.116","25.024114358953845"
"385","114.7.162.62","24.993983144949105"
"386","103.106.76.90","24.993078535366546"
"387","187.74.136.124","24.990764830232788"
"388","36.77.231.64","24.990265047113844"
"389","117.203.151.17","24.984575530572002"
"390","58.187.161.53","24.97927599418666"
"391","203.177.0.154","24.97831319327328"
"392","27.70.3.4","24.976385725695984"
"393","197.210.28.182","24.972502244969366"
"394","180.252.230.195","24.97248552619963"
"395","180.252.145.199","24.97211726393559"
"396","189.160.149.81","24.971783660513722"
"397","144.217.234.243","24.948051490683962"
"398","5.43.128.73","24.9357610979359"
"399","180.217.178.212","24.935434361931254"
"400","37.28.164.154","24.92633468252001"
"401","180.248.143.64","24.873807293731982"
"402","177.38.44.42","24.829750981936975"
"403","39.40.101.61","24.827911324127733"
"404","183.83.238.35","24.827857236378655"
"405","177.70.152.169","24.818888026561545"
"406","180.183.194.190","24.818521234025003"
"407","113.181.85.181","24.81808900857397"
"408","87.117.49.41","24.811921475119576"
"409","82.81.103.206","24.81159855163508"
"410","111.68.107.130","24.811155443958786"
"411","93.49.215.232","24.809874475826152"
"412","188.64.182.201","24.809562536953365"
"413","51.89.127.37","24.809434401553776"
"414","202.173.18.62","24.806912175843248"
"415","87.107.38.252","24.806469986174978"
"416","180.241.134.83","24.789998106091094"
"417","5.121.32.217","24.785544947168805"
"418","110.136.183.218","24.74688100448216"
"419","41.57.104.224","24.743528870191497"
"420","65.254.193.11","24.70315385183181"
"421","36.69.14.150","24.696264312789147"
"422","189.142.112.245","24.674745352138025"
"423","5.235.136.13","24.67142171065543"
"424","220.147.5.109","24.665922213780085"
"425","117.3.139.155","24.66579779180576"
"426","171.241.150.132","24.664860343715713"
"427","14.162.135.233","24.662538359067987"
"428","187.220.112.45","24.661381459556356"
"429","120.72.83.170","24.660720145101195"
"430","95.154.77.71","24.659279557349194"
"431","185.47.208.67","24.656366990216743"
"432","37.213.195.210","24.655550327335018"
"433","176.59.7.199","24.643453435373637"
"434","114.27.110.101","24.641119878163007"
"435","156.214.47.98","24.61481486151514"
"436","36.81.135.241","24.614303955220837"
"437","125.164.6.140","24.60220996340234"
"438","106.223.169.230","24.58438361765452"
"439","183.89.123.122","24.582456824212784"
"440","180.180.2.73","24.560272705631753"
"441","180.248.219.224","24.547403039105493"
"442","171.224.181.10","24.507397604728457"
"443","14.174.57.218","24.505623737853522"
"444","36.84.155.234","24.50512257701001"
"445","95.58.146.71","24.500636356404094"
"446","180.244.232.235","24.497203292271085"
"447","188.18.71.63","24.491215232784416"
"448","14.99.92.66","24.46075161702927"
"449","105.225.175.235","24.455866153572003"
"450","5.235.223.127","24.45312172964834"
"451","49.36.50.74","24.43257641507689"
"452","125.164.245.158","24.42166430197933"
"453","49.37.206.138","24.421583986448194"
"454","27.124.37.105","24.362699072704217"
"455","114.39.181.109","24.35330123912875"
"456","1.53.177.173","24.353124680931604"
"457","119.15.86.162","24.3528986644814"
"458","116.109.96.97","24.350936554499295"
"459","180.249.174.212","24.34686292600137"
"460","103.66.69.67","24.34675748315882"
"461","118.174.177.5","24.335542349616947"
"462","183.83.39.172","24.287707398637238"
"463","58.186.110.153","24.26665555625073"
"464","117.204.82.136","24.262000476568293"
"465","113.183.21.114","24.261569910192183"
"466","14.190.245.96","24.26124611862654"
"467","59.93.92.102","24.26083065899199"
"468","157.48.39.241","24.260497465309438"
"469","123.16.15.88","24.260490568146864"
"470","113.162.10.57","24.260354053475808"
"471","222.252.27.239","24.260053169915825"
"472","182.74.72.190","24.257599666025136"
"473","156.204.123.12","24.254653028557517"
"474","80.80.197.211","24.25437631306388"
"475","79.143.42.166","24.252671616015537"
"476","180.250.196.142","24.22952107111724"
"477","77.34.150.133","24.200086609090885"
"478","103.142.115.157","24.19809321478141"
"479","125.165.163.35","24.19486900519553"
"480","113.181.251.170","24.188508265677527"
"481","14.250.248.152","24.187935371404688"
"482","176.50.148.48","24.184438133332765"
"483","141.0.177.132","24.181896558169296"
"484","111.251.47.244","24.1772652401745"
"485","177.149.219.250","24.172901803077966"
"486","117.247.85.206","24.169920725718157"
"487","2.134.128.26","24.167886291652607"
"488","179.162.161.106","24.158846544623497"
"489","42.113.108.61","24.13799972524058"
"490","183.171.124.5","24.114031927341745"
"491","42.118.161.51","24.108757767666088"
"492","171.231.97.225","24.10486192333109"
"493","42.113.53.67","24.10352800821608"
"494","118.167.184.144","24.101838301110085"
"495","171.235.191.122","24.099587764701937"
"496","14.234.88.84","24.09917872889329"
"497","180.183.246.69","24.098097457209"
"498","27.72.145.169","24.097997519948176"
"499","14.188.60.2","24.09776292299468"
"500","1.4.152.65","24.09768007417193"
"501","171.103.172.242","24.097457459538873"
"502","14.178.77.181","24.09740248835368"
"503","123.19.133.228","24.097323284073333"
"504","154.122.163.68","24.09693596393533"
"505","110.138.149.201","24.09622889241622"
"506","105.112.114.60","24.09615974278889"
"507","220.247.174.206","24.095706997305555"
"508","14.102.111.180","24.095449677717752"
"509","179.185.217.115","24.095381014833528"
"510","82.200.167.194","24.092348927171287"
"511","109.248.190.161","24.09126414832326"
"512","92.190.1.34","24.0897705081579"
"513","114.41.49.140","24.024517498796932"
"514","180.246.191.90","23.994594783122512"
"515","54.219.0.238","23.993170146939732"
"516","14.142.50.177","23.966908476845738"
"517","14.227.162.23","23.963893790897767"
"518","115.75.187.23","23.944085329605485"
"519","112.197.72.25","23.938687328106717"
"520","114.46.179.52","23.9380286546622"
"521","118.166.193.231","23.93697724695891"
"522","14.246.100.118","23.93573767537332"
"523","61.6.252.130","23.935723574666742"
"524","118.173.116.183","23.93542745790969"
"525","14.182.68.168","23.935150118601722"
"526","110.11.76.149","23.935089123054702"
"527","190.237.43.248","23.933114240375346"
"528","36.75.65.53","23.932633924503293"
"529","171.103.172.94","23.932567450472767"
"530","157.46.2.143","23.93247732221994"
"531","113.190.32.21","23.932419442791705"
"532","14.251.253.23","23.932090634752328"
"533","182.53.104.234","23.931575884025214"
"534","180.180.144.147","23.931253077155347"
"535","41.84.135.42","23.930864210858985"
"536","27.49.160.10","23.93086367553714"
"537","80.191.173.118","23.9293715677736"
"538","92.124.161.188","23.928646419392088"
"539","85.26.234.193","23.92817295350519"
"540","176.59.44.155","23.928107527699364"
"541","213.211.82.229","23.92782084714062"
"542","134.19.158.56","23.926026551196742"
"543","37.190.61.169","23.92581537765671"
"544","85.105.42.85","23.92573706955396"
"545","213.159.206.228","23.9256730708429"
"546","83.171.112.153","23.924947584507446"
"547","213.87.101.180","23.854446471124625"
"548","59.125.6.34","23.85095414593363"
"549","222.252.48.73","23.837963937671983"
"550","186.92.133.252","23.837278478257538"
"551","36.66.208.121","23.834182123580412"
"552","139.255.110.202","23.833563105419216"
"553","190.128.142.118","23.82254509309406"
"554","180.242.30.140","23.810444156294107"
"555","45.178.0.53","23.802494876137914"
"556","103.51.20.110","23.80004856042465"
"557","202.141.234.57","23.797059337987843"
"558","217.165.219.35","23.796785830683703"
"559","42.112.103.149","23.794361014894747"
"560","109.76.24.128","23.7926322156671"
"561","123.17.130.209","23.787733094321254"
"562","118.70.146.130","23.772756194554184"
"563","186.94.206.185","23.7690007626981"
"564","14.177.106.246","23.767722006656726"
"565","171.103.174.50","23.767575961200347"
"566","177.144.130.198","23.767496840523314"
"567","191.240.230.99","23.7674479548334"
"568","14.232.42.170","23.76706739557311"
"569","118.173.56.176","23.766670649401924"
"570","49.35.27.94","23.76658816895806"
"571","200.124.23.98","23.766384169963377"
"572","222.252.47.153","23.766271485026845"
"573","14.186.88.127","23.76549910494503"
"574","36.76.86.233","23.765405594206527"
"575","125.25.172.65","23.76536998885443"
"576","36.92.153.215","23.765368841777196"
"577","202.83.17.137","23.764892756513156"
"578","103.95.122.158","23.76430185202767"
"579","51.223.123.201","23.76239846690565"
"580","45.9.44.229","23.761768534770304"
"581","156.212.52.230","23.761550400203866"
"582","95.70.160.72","23.761398933083523"
"583","176.74.124.3","23.76108763022915"
"584","194.8.128.67","23.760810139206715"
"585","91.230.138.177","23.760591804197855"
"586","78.37.22.242","23.760247967080286"
"587","82.127.196.213","23.760068076652114"
"588","91.108.29.193","23.759951715318905"
"589","37.220.153.234","23.75941189011811"
"590","141.135.75.130","23.75933783513938"
"591","218.13.171.42","23.74992220498537"
"592","175.143.119.74","23.74456660480456"
"593","14.169.192.124","23.723548895032547"
"594","182.76.9.78","23.705167033943106"
"595","58.186.58.4","23.694124753433076"
"596","75.142.3.10","23.693834778059884"
"597","31.14.72.10","23.693824294317707"
"598","198.50.172.226","23.693809915566554"
"599","162.154.108.233","23.693806394287936"
"600","13.94.62.87","23.693800169559125"
"601","86.93.18.85","23.693778995761736"
"602","36.65.51.151","23.690294756503135"
"603","171.6.83.242","23.671678367962212"
"604","117.247.71.240","23.65745850341725"
"605","36.82.31.98","23.65720959303044"
"606","2.53.146.185","23.64798613835859"
"607","177.68.54.78","23.642569607066825"
"608","146.120.174.231","23.64073763178721"
"609","223.16.8.219","23.63639574726715"
"610","89.207.66.255","23.62672140591786"
"611","78.55.150.158","23.626129422738714"
"612","27.72.95.147","23.62466033089153"
"613","14.162.189.22","23.51049185177758"
"614","92.43.191.61","23.507879238938166"
"615","124.43.22.106","23.490857173944647"
"616","92.53.35.97","23.49010514067572"
"617","118.69.191.34","23.467622711195094"
"618","45.178.3.11","23.46649400847941"
"619","150.107.232.243","23.460974167114202"
"620","190.39.175.213","23.459824649204617"
"621","36.67.52.13","23.413664154872105"
"622","151.101.180.204","23.405967177806847"
"623","1.196.4.225","23.37124716130913"
"624","114.46.170.246","23.334170182642023"
"625","120.188.84.247","23.306425935136428"
"626","183.83.88.104","23.301314424619914"
"627","162.216.140.49","23.301065918858733"
"628","188.163.40.86","23.252241519367544"
"629","42.115.70.136","23.25195235136181"
"630","119.152.159.26","23.24794295139741"
"631","36.81.198.246","23.172376969141514"
"632","170.84.58.204","23.143136868734974"
"633","119.93.145.214","23.14284338829177"
"634","1.10.129.74","23.14093910615989"
"635","106.51.73.153","23.13876045594275"
"636","91.193.131.115","23.136309275789863"
"637","150.246.7.60","23.096797487345047"
"638","171.237.103.182","23.064633871238573"
"639","125.27.21.64","23.005403154476557"
"640","120.209.99.201","22.99642194994691"
"641","183.83.154.170","22.887199016917734"
"642","189.188.132.60","22.771499417254017"
"643","51.75.15.178","22.76807674684008"
"644","172.83.43.134","22.63951230592214"
"645","35.195.155.204","22.639500883779807"
"646","104.238.58.6","22.639446841740636"
"647","45.58.32.144","22.578007248205058"
"648","14.137.223.75","22.523323481290614"
"649","5.101.166.59","22.44032002334191"
"650","84.17.58.222","22.394560907569883"
"651","118.89.122.216","22.363934380679385"
"652","212.50.60.12","22.307205523103963"
"653","111.225.47.217","22.207657547566786"
"654","106.13.10.250","22.200999864549217"
"655","182.61.57.159","22.02210584909108"
"656","180.252.34.197","21.809564020172434"
"657","182.42.29.125","21.775086685246514"
"658","167.114.29.161","21.723326712644308"
"659","185.234.91.230","21.535593566930075"
"660","186.92.183.200","21.372302891242207"
"661","94.236.135.70","21.312817584730556"
"662","178.128.231.86","21.305222416111974"
"663","172.58.107.221","21.267502474432675"
"664","190.94.136.75","21.26028953824477"
"665","45.123.109.5","21.238987063887958"
"666","115.73.74.108","21.18000665722275"
"667","172.104.15.127","21.09647827245107"
"668","182.253.201.4","21.079018867449353"
"669","94.236.143.129","21.066045957298204"
"670","172.58.191.34","20.923235533582037"
"671","185.185.134.56","20.782416554024703"
"672","171.228.177.52","20.59122776485865"
"673","104.194.220.80","20.3677608519304"
"674","46.246.61.11","20.34206998439441"
"675","181.115.161.231","20.32792998561339"
"676","36.66.214.14","20.25529321436745"
"677","125.94.149.203","20.220754240260177"
"678","185.220.101.10","19.826326538216804"
"679","197.62.166.172","19.620022662448687"
"680","104.22.46.177","19.58466147725233"
"681","176.216.118.196","19.569432771544502"
"682","36.238.155.234","19.557354283619244"
"683","108.204.78.108","19.535819517619423"
"684","85.190.152.60","19.52879242298407"
"685","170.231.254.30","19.4499533457024"
"686","14.228.179.251","19.42521331826243"
"687","113.168.47.232","19.423476565100287"
"688","151.53.234.72","19.29947703825158"
"689","182.52.182.230","19.260838284586683"
"690","14.236.197.13","19.260305018353165"
"691","116.58.236.152","19.26025740287497"
"692","125.165.208.95","19.25983849426054"
"693","189.154.139.63","19.207894904179376"
"694","111.92.104.161","18.901231676798208"
"695","45.231.105.158","18.900888455308124"
"696","61.5.27.110","18.87974462221351"
"697","84.17.46.239","18.869260938892122"
"698","88.147.174.207","18.857998491356394"
"699","46.43.98.124","18.830430603148724"
"700","194.187.148.78","18.830137322255514"
"701","117.200.85.12","18.784301661227655"
"702","188.187.143.38","18.78163745124477"
"703","1.47.105.18","18.780896913264467"
"704","222.232.180.19","18.72317828063845"
"705","209.164.190.187","18.718220767476808"
"706","222.102.210.39","18.71797071266007"
"707","218.154.137.72","18.717944469145113"
"708","221.161.206.83","18.71766646513395"
"709","49.213.179.230","18.71729592849886"
"710","45.79.172.148","18.705965600577798"
"711","1.55.14.87","18.600357808924"
"712","171.224.179.202","18.59743402972571"
"713","212.83.137.240","18.518871240950105"
"714","46.166.151.231","18.473302777251284"
"715","86.57.133.13","18.44363626023892"
"716","88.248.190.247","18.44056441381337"
"717","115.79.32.52","18.331864021424554"
"718","49.37.206.9","18.239895822756225"
"719","118.70.236.107","18.140292247921476"
"720","195.181.62.250","17.98914457527094"
"721","103.243.187.242","17.92277191382516"
"722","77.53.124.159","17.80871021101753"
"723","147.135.8.210","17.808706020932572"
"724","68.103.114.46","17.808669408745843"
"725","24.224.34.79","17.808669197051195"
"726","104.238.59.6","17.80865855756688"
"727","37.201.192.202","17.808657130452033"
"728","75.183.136.49","17.808652874656186"
"729","198.54.117.218","17.808650239420167"
"730","103.95.221.75","17.80864208186576"
"731","98.163.89.180","17.808638315154813"
"732","165.193.53.136","17.808637190981237"
"733","76.87.111.106","17.808629734204708"
"734","91.92.66.66","17.808626452930053"
"735","184.166.129.253","17.8085890923453"
"736","183.131.200.248","17.784672038021956"
"737","1.10.246.197","17.781432085183692"
"738","175.137.132.158","17.75230167471249"
"739","91.234.218.1","17.73796054209325"
"740","118.69.226.100","17.709940022766876"
"741","201.208.147.248","17.64642931417005"
"742","45.178.1.5","17.602162872073418"
"743","103.225.126.12","17.596984153541765"
"744","154.16.93.115","17.49984835648584"
"745","59.127.178.221","17.47114141448692"
"746","185.200.34.168","17.353962083628048"
"747","66.219.18.145","17.320219398148513"
"748","64.4.98.141","17.31299416262248"
"749","187.120.153.76","17.242444097343046"
"750","187.207.157.109","17.240830241029578"
"751","201.171.44.202","17.23582592015828"
"752","205.237.154.4","17.22362028291381"
"753","213.184.250.156","17.197885728338818"
"754","188.26.127.129","17.197498829771728"
"755","54.39.131.239","17.16799876818919"
"756","52.252.56.58","17.16566340110396"
"757","197.160.174.70","17.131833868561767"
"758","156.96.117.158","17.05549764738631"
"759","41.249.202.59","16.978187437120607"
"760","126.66.68.206","16.942515176324914"
"761","213.89.183.198","16.875236327234056"
"762","101.51.49.169","16.86527426785583"
"763","185.87.194.23","16.860157998963118"
"764","52.59.105.79","16.792855623746664"
"765","213.1.32.111","16.791320600238684"
"766","79.166.121.110","16.379828027561828"
"767","24.166.67.138","16.379819926894804"
"768","98.216.201.27","16.379773123428787"
"769","45.56.142.169","16.3797724350798"
"770","220.133.41.32","16.35528566014669"
"771","175.143.166.36","16.229312646412357"
"772","172.58.188.35","16.174654390820844"
"773","203.77.248.242","16.13455909840737"
"774","123.231.62.88","16.1298739471206"
"775","191.242.246.13","16.103344717014537"
"776","78.38.11.151","16.100513458427343"
"777","67.20.10.241","16.095816531788625"
"778","107.210.254.173","16.093193444745513"
"779","51.222.42.153","16.03623063487801"
"780","37.49.224.194","15.980355479462903"
"781","52.27.202.96","15.878773943763507"
"782","74.91.113.242","15.866680757171615"
"783","51.89.254.30","15.866639420494813"
"784","80.136.42.145","15.866621056482064"
"785","51.77.254.129","15.866608498667887"
"786","149.28.47.172","15.866603811150009"
"787","51.68.200.224","15.866589291653074"
"788","45.77.111.118","15.866586305818904"
"789","68.185.147.61","15.866575709648254"
"790","71.68.185.23","15.866573094086826"
"791","36.94.73.186","15.747687715979131"
"792","89.187.178.4","15.63029347933045"
"793","98.200.47.22","15.572698907061678"
"794","34.210.131.134","15.551114229573713"
"795","110.142.141.180","15.51245464054609"
"796","216.176.136.251","15.508662117507106"
"797","151.80.174.179","15.473439194309712"
"798","208.113.206.245","15.473254635014575"
"799","104.248.162.22","15.472472976224584"
"800","145.239.6.33","15.466897717383405"
"801","107.182.230.205","15.466304980505202"
"802","85.190.152.68","15.465505423360726"
"803","157.245.21.155","15.465110426375881"
"804","183.131.200.203","15.46307472658656"
"805","45.61.142.173","15.462326999840613"
"806","167.114.161.236","15.460851456177956"
"807","68.81.59.114","15.429832847441999"
"808","95.218.27.227","15.412012654095506"
"809","103.216.218.189","15.264442805503908"
"810","185.160.231.33","15.254254386891546"
"811","175.182.236.95","15.19899615895734"
"812","222.180.203.50","15.146515102821507"
"813","58.10.95.209","15.14592556597318"
"814","60.205.168.86","15.14384052048885"
"815","65.75.103.206","15.113499174578996"
"816","82.76.63.90","15.10087612855625"
"817","24.13.58.67","15.00973267666683"
"818","186.94.140.163","14.998414379193555"
"819","203.150.53.153","14.978443605395055"
"820","219.92.120.62","14.962012381361005"
"821","187.115.172.46","14.87741057879361"
"822","162.229.112.239","14.813757855453153"
"823","116.25.45.21","14.813093064245562"
"824","42.114.71.145","14.769152662447045"
"825","207.180.195.150","14.724864165757184"
"826","183.105.245.89","14.710521614647117"
"827","109.165.131.136","14.669754091326821"
"828","106.13.24.83","14.617630132480437"
"829","94.193.101.172","14.381846978048404"
"830","167.114.143.200","14.37802811584398"
"831","206.189.35.70","14.37409917177421"
"832","51.89.238.196","14.324367627752368"
"833","121.31.110.170","14.302602193307344"
"834","23.225.213.194","14.298943238925036"
"835","125.94.149.188","14.295652960253337"
"836","184.82.109.16","14.048476384469598"
"837","192.35.168.214","14.030509829475193"
"838","103.60.164.59","14.026632792299084"
"839","39.152.9.3","14.015044421263887"
"840","177.85.145.181","13.792581464323494"
"841","27.110.177.219","13.736041841629634"
"842","81.174.131.22","13.713121380633952"
"843","77.68.77.156","13.665641404632275"
"844","91.92.66.87","13.665604706708006"
"845","42.115.12.249","13.648153931942591"
"846","115.96.196.39","13.639666677562175"
"847","73.20.62.255","13.622179863883753"
"848","74.209.13.241","13.588154567490024"
"849","49.158.151.148","13.538542475096794"
"850","67.221.36.45","13.532646271147414"
"851","92.40.174.165","13.518306467527653"
"852","223.71.42.104","13.490245614887819"
"853","89.216.126.144","13.35314172629423"
"854","210.36.22.198","13.34354994369939"
"855","91.93.161.246","13.339821742624599"
"856","125.216.192.3","13.28383534319061"
"857","74.91.125.245","13.25529881547376"
"858","185.38.151.13","13.196063797587522"
"859","91.228.99.82","13.145034041416555"
"860","98.228.53.168","13.061361920756964"
"861","172.58.188.95","13.061311985210368"
"862","94.23.9.130","12.977573667677637"
"863","51.222.35.125","12.975993226724498"
"864","51.222.50.144","12.767894084382123"
"865","14.250.209.89","12.74105602668005"
"866","172.58.191.89","12.7260766420763"
"867","172.58.188.181","12.720233806813457"
"868","183.89.124.94","12.641607347861267"
"869","47.144.168.195","12.569793673724321"
"870","211.116.43.169","12.45618496972488"
"871","221.229.218.181","12.397755482344374"
"872","14.61.21.174","12.373281799910645"
"873","125.166.102.196","12.174849167186837"
"874","209.190.21.238","12.006335946074472"
"875","45.64.55.246","11.994925523945533"
"876","171.213.45.84","11.93518299608347"
"877","14.185.69.191","11.933415956883428"
"878","103.225.51.98","11.854803728868731"
"879","114.5.209.147","11.853510171569432"
"880","198.50.182.128","11.830244852495658"
"881","45.76.73.173","11.780819923184465"
"882","172.67.148.180","11.743172462328909"
"883","62.173.154.241","11.707017064991406"
"884","49.165.184.17","11.70690506068961"
"885","189.89.14.110","11.706894412268355"
"886","84.33.86.48","11.627161046446377"
"887","179.98.59.103","11.535455257596036"
"888","5.115.83.131","11.520440303651592"
"889","190.171.147.188","11.520143979134984"
"890","194.180.224.3","11.508692367076288"
"891","116.231.151.18","11.507063917437845"
"892","180.175.153.152","11.504277552284629"
"893","197.253.239.93","11.474711192444017"
"894","195.54.160.147","11.468710062600763"
"895","27.124.43.58","11.425468165900249"
"896","74.91.127.172","11.418735317450878"
"897","84.17.44.82","11.416693599724923"
"898","1.163.149.67","11.406735160640839"
"899","111.242.235.226","11.405682579311067"
"900","14.249.166.253","11.403473707603311"
"901","125.165.157.237","11.402944266723397"
"902","36.66.211.219","11.367342407088827"
"903","94.176.158.35","11.365464174418921"
"904","104.18.37.65","11.319430709624932"
"905","8.45.151.190","11.319018287378105"
"906","72.226.45.248","11.304483919003113"
"907","89.163.140.58","11.292560699416232"
"908","42.113.184.106","11.230617059627669"
"909","103.91.53.1","11.228111957938433"
"910","178.134.152.14","11.22678565663387"
"911","59.125.67.127","11.104055255288493"
"912","117.0.120.138","11.103976753848146"
"913","183.88.176.242","11.102597386985623"
"914","101.0.32.167","11.101954018887845"
"915","49.234.118.209","11.100596747472633"
"916","177.138.48.193","11.03621334516509"
"917","151.50.194.56","11.034032479107536"
"918","190.103.181.30","11.033995423236318"
"919","42.119.48.207","11.033970760791421"
"920","5.160.131.92","11.033903864906565"
"921","103.215.140.42","10.94522159323419"
"922","113.176.100.94","10.82395970751924"
"923","118.172.198.10","10.822105421312434"
"924","201.106.105.29","10.821685866813914"
"925","183.89.165.146","10.821579921619579"
"926","113.172.200.200","10.821485191506756"
"927","113.182.170.119","10.821314268608965"
"928","89.109.236.195","10.819953962471375"
"929","114.84.50.239","10.805907519731974"
"930","185.23.214.140","10.769888915397411"
"931","82.249.101.236","10.723555410870034"
"932","54.39.105.144","10.703802633877364"
"933","74.91.122.74","10.685196699172177"
"934","125.25.187.48","10.63368350807941"
"935","177.57.96.194","10.617866424098581"
"936","128.199.251.179","10.586793926869456"
"937","85.174.195.198","10.573915199678877"
"938","186.225.245.92","10.568098483170944"
"939","192.228.100.133","10.544283815888113"
"940","223.155.36.42","10.511919044589337"
"941","139.204.116.103","10.51190532206222"
"942","171.96.100.38","10.50474586793988"
"943","94.236.131.173","10.459557937599467"
"944","115.96.146.64","10.459525252132622"
"945","42.115.68.132","10.444368901470304"
"946","181.115.161.213","10.309171162125498"
"947","122.53.124.99","10.293802161980771"
"948","83.18.88.241","10.291752387227357"
"949","203.210.244.188","10.214710314051985"
"950","88.135.38.7","10.127286470224885"
"951","60.190.132.58","10.108557649338506"
"952","125.94.75.36","10.104723108032204"
"953","43.229.116.87","10.091127427101492"
"954","36.235.209.219","10.087470331554883"
"955","27.67.141.34","10.084525311089264"
"956","118.70.42.16","10.083686131569149"
"957","114.34.99.170","10.083482111850053"
"958","192.64.4.97","10.081781700175817"
"959","36.75.195.88","10.081075971839514"
"960","132.154.238.128","10.080504265660522"
"961","189.183.131.206","10.080493167499297"
"962","182.253.121.23","10.080399632455055"
"963","128.90.158.180","10.080294365741508"
"964","103.74.111.57","10.080131348350577"
"965","101.255.95.106","10.079765461061086"
"966","5.0.1.167","10.079749166025909"
"967","109.68.237.166","10.07969582874404"
"968","201.173.92.73","10.079139434991463"
"969","82.137.245.3","10.0770413688741"
"970","193.104.59.16","10.076748309846783"
"971","46.148.131.4","10.076656241035515"
"972","176.192.66.18","10.076285290224765"
"973","200.84.155.6","9.984998047070414"
"974","190.79.242.13","9.982207396162433"
"975","60.160.21.8","9.981620046365219"
"976","122.224.148.218","9.981144949353256"
"977","125.94.149.181","9.866814857136015"
"978","49.36.130.168","9.840933609165342"
"979","81.45.133.94","9.838707015660138"
"980","172.81.211.43","9.815933224864562"
"981","118.68.162.243","9.798372640392893"
"982","14.248.83.6","9.79690212516181"
"983","222.252.111.199","9.795556384146844"
"984","14.177.212.121","9.79553640185161"
"985","36.68.239.146","9.795288777009077"
"986","186.115.221.65","9.795192399845957"
"987","36.69.154.69","9.794954816128556"
"988","46.225.104.11","9.794736460211677"
"989","171.61.141.246","9.794322827536368"
"990","78.85.5.216","9.793010095215871"
"991","93.80.0.65","9.792655005155648"
"992","178.186.15.215","9.758110435683744"
"993","188.0.175.137","9.757384493295321"
"994","109.188.88.1","9.720742075582502"
"995","95.0.158.4","9.652399175852603"
"996","45.248.160.209","9.650707095855722"
"997","113.161.4.221","9.601868708746231"
"998","103.139.44.111","9.51351151126649"
"999","86.98.9.195","9.506856611151765"
"1000","27.50.165.43","9.424183601246318"
"1001","182.61.5.111","9.295216973798944"
"1002","156.215.103.152","9.193090921991363"
"1003","110.184.31.229","9.167391039712445"
"1004","106.0.38.216","9.157699401323459"
"1005","62.210.182.89","9.028360260866865"
"1006","185.88.181.10","8.965345659817029"
"1007","47.31.74.106","8.955495408546643"
"1008","18.157.159.214","8.939474878033945"
"1009","172.105.63.45","8.792095455578266"
"1010","189.212.133.186","8.706382826696744"
"1011","179.28.173.229","8.671492906645314"
"1012","190.236.211.94","8.670779664482312"
"1013","197.184.188.240","8.670751470316745"
"1014","203.128.73.130","8.670610618059145"
"1015","189.216.99.204","8.670573247484851"
"1016","82.209.231.89","8.669859779719623"
"1017","95.158.232.199","8.669503578637014"
"1018","188.120.58.148","8.669459860337321"
"1019","93.171.161.246","8.669441288802872"
"1020","176.49.53.87","8.658824132063199"
"1021","14.161.185.11","8.652048935367853"
"1022","223.150.213.198","8.544032376460192"
"1023","121.231.49.131","8.544015127561515"
"1024","114.236.4.137","8.544009304770213"
"1025","161.35.86.145","8.525326479818823"
"1026","213.248.168.236","8.519800203056407"
"1027","179.93.106.69","8.514601113675262"
"1028","200.216.222.171","8.514526476851193"
"1029","41.215.26.130","8.51033261688402"
"1030","47.132.145.228","8.490904439457555"
"1031","40.71.250.93","8.295035167194893"
"1032","163.172.235.35","8.29448617456199"
"1033","45.148.120.136","8.294234646729016"
"1034","200.152.95.133","8.277090793267886"
"1035","114.32.214.157","8.275860499065944"
"1036","61.228.231.226","8.275583438646485"
"1037","157.40.153.198","8.27503723556577"
"1038","165.225.112.205","8.274816735130754"
"1039","171.242.76.78","8.274800873737084"
"1040","190.204.143.219","8.27472324310608"
"1041","117.4.132.113","8.274645173661527"
"1042","171.232.144.95","8.274589521541234"
"1043","1.55.205.106","8.274578599542094"
"1044","115.79.27.68","8.274575608452677"
"1045","47.247.120.156","8.274531784336803"
"1046","49.149.103.9","8.27448989364299"
"1047","1.53.88.217","8.274437397793278"
"1048","171.232.181.20","8.274386034625167"
"1049","36.228.115.75","8.274313460946471"
"1050","27.111.32.162","8.274227939814082"
"1051","1.20.146.208","8.274176862383351"
"1052","49.156.52.12","8.27408954205839"
"1053","14.247.252.228","8.274067303932208"
"1054","113.161.85.92","8.273978245076549"
"1055","27.64.156.77","8.273910472080297"
"1056","61.222.111.185","8.273885937091471"
"1057","124.12.209.12","8.273854195597115"
"1058","114.45.151.168","8.273845901393136"
"1059","178.91.64.155","8.273679592539223"
"1060","117.5.136.183","8.273675105417182"
"1061","59.115.7.23","8.273662051957404"
"1062","113.166.120.98","8.273658138937092"
"1063","186.231.9.44","8.273643091166068"
"1064","14.181.147.206","8.273563183417409"
"1065","45.202.25.158","8.273453571514134"
"1066","190.36.16.250","8.273440865202337"
"1067","179.178.25.235","8.27340851765462"
"1068","182.191.79.69","8.27339641562037"
"1069","186.46.200.135","8.273394663014694"
"1070","117.221.78.14","8.273361816698216"
"1071","182.53.34.71","8.273275243215348"
"1072","101.109.69.18","8.2732001365856"
"1073","189.115.106.162","8.273189424278886"
"1074","193.27.208.138","8.2731592363498"
"1075","103.132.58.135","8.273152543015268"
"1076","218.74.157.164","8.273063972918376"
"1077","14.237.174.130","8.272984845265945"
"1078","186.154.83.145","8.27292200495085"
"1079","1.4.157.112","8.272832253829398"
"1080","113.162.151.238","8.272753637695251"
"1081","27.70.25.124","8.272696310756245"
"1082","49.206.220.87","8.272687879401712"
"1083","189.154.181.124","8.272683860150828"
"1084","14.170.81.27","8.272638107036958"
"1085","188.162.236.144","8.272629358311661"
"1086","113.190.229.40","8.272567346356269"
"1087","113.186.101.240","8.272560682763228"
"1088","186.43.66.75","8.272559111302861"
"1089","182.253.175.250","8.272552795237997"
"1090","125.162.54.150","8.27246154418381"
"1091","14.177.235.247","8.272451949089822"
"1092","114.84.54.0","8.272436823572605"
"1093","36.73.225.141","8.27239869989352"
"1094","113.162.158.164","8.272382561874178"
"1095","36.82.97.6","8.272379524659152"
"1096","1.10.241.231","8.272365834511914"
"1097","14.243.197.4","8.272339783882186"
"1098","14.174.100.9","8.272292366690142"
"1099","14.189.154.132","8.272272888994898"
"1100","157.47.131.63","8.272264230547764"
"1101","59.152.96.73","8.27225028332678"
"1102","182.53.222.124","8.27222944556061"
"1103","113.160.101.39","8.27221681292264"
"1104","113.179.93.191","8.272216389819599"
"1105","36.76.79.246","8.272198302144359"
"1106","36.83.33.128","8.272189628508283"
"1107","222.252.127.68","8.272187936090427"
"1108","113.184.10.188","8.27215600674939"
"1109","103.214.202.138","8.27215299967306"
"1110","14.253.186.125","8.27214600330531"
"1111","103.80.210.116","8.272145247757681"
"1112","132.154.237.224","8.272118637326232"
"1113","157.44.116.37","8.272112698700374"
"1114","36.77.28.35","8.272106533404898"
"1115","123.16.121.88","8.272100685436559"
"1116","189.217.142.81","8.27208847571156"
"1117","183.88.128.252","8.272081041068203"
"1118","113.180.121.206","8.272076190413141"
"1119","14.235.16.111","8.272073213529968"
"1120","113.188.122.207","8.272071793087871"
"1121","14.231.210.249","8.272065431317621"
"1122","113.169.20.96","8.2720629228748"
"1123","91.244.24.143","8.272048416202603"
"1124","203.210.134.50","8.272029270378582"
"1125","177.207.5.53","8.272005032034253"
"1126","59.89.227.113","8.27200386847105"
"1127","59.96.38.218","8.271997143979197"
"1128","200.216.224.186","8.271996796421043"
"1129","113.190.170.90","8.27197068418403"
"1130","36.82.97.203","8.271966725029786"
"1131","36.90.50.208","8.271922947537652"
"1132","72.255.61.131","8.271918776801426"
"1133","36.90.119.132","8.271881391195112"
"1134","36.90.167.239","8.27187700887773"
"1135","23.17.12.254","8.271852059847298"
"1136","36.68.236.46","8.271845833911557"
"1137","118.96.17.14","8.271783680077712"
"1138","125.26.194.126","8.271760740616232"
"1139","190.85.73.114","8.271750646024094"
"1140","113.180.45.63","8.271748092150775"
"1141","36.77.197.30","8.271721812899658"
"1142","36.68.53.131","8.271689307511494"
"1143","118.173.80.3","8.27164445560857"
"1144","59.92.226.34","8.271630582902018"
"1145","39.40.248.219","8.271562201301517"
"1146","190.212.14.50","8.271555083537798"
"1147","45.118.156.254","8.271481396944564"
"1148","103.72.169.67","8.271459438938209"
"1149","112.134.249.189","8.271305217436968"
"1150","69.162.98.75","8.271293822613243"
"1151","37.146.63.205","8.27117346571815"
"1152","89.144.167.35","8.271009400309008"
"1153","78.187.168.182","8.270818444990798"
"1154","83.239.171.148","8.270720419044522"
"1155","188.162.197.99","8.27068249904444"
"1156","94.25.238.253","8.270681954953895"
"1157","178.89.156.54","8.270501254458523"
"1158","41.37.6.32","8.270446889376656"
"1159","95.32.11.135","8.27042917568369"
"1160","102.157.78.252","8.270420288594769"
"1161","81.1.244.250","8.270417598283656"
"1162","212.118.18.151","8.270414545232905"
"1163","195.6.155.169","8.270242197178993"
"1164","80.74.107.118","8.270233476148059"
"1165","93.81.217.15","8.270225314343014"
"1166","83.220.233.131","8.270063890321525"
"1167","37.29.59.122","8.270003295041665"
"1168","2.92.160.169","8.269904186264796"
"1169","46.72.99.71","8.269902296883561"
"1170","93.48.41.176","8.269871477235906"
"1171","95.31.181.89","8.269867078738327"
"1172","82.140.129.111","8.269837044948346"
"1173","90.27.173.32","8.26980518210677"
"1174","213.221.13.66","8.26975270186479"
"1175","176.88.143.52","8.269699238787345"
"1176","78.84.11.81","8.269681311876536"
"1177","165.225.88.99","8.269474529859803"
"1178","84.232.250.139","8.269386812212861"
"1179","37.49.224.3","8.219749735502031"
"1180","17.57.146.20","8.154775533391462"
"1181","191.7.98.179","8.151147465234573"
"1182","183.83.52.96","8.150691642431335"
"1183","118.99.76.135","8.150685139913085"
"1184","61.90.229.254","8.150680401046284"
"1185","36.79.12.171","8.150529691375892"
"1186","154.0.206.5","8.150427396768835"
"1187","197.210.226.160","8.150305791809286"
"1188","197.210.226.248","8.15009812824361"
"1189","197.242.111.56","8.149884032917278"
"1190","125.25.70.182","8.149846118179164"
"1191","95.190.155.156","8.148948597825365"
"1192","212.220.40.170","8.148545974589577"
"1193","80.249.138.68","8.148172479151382"
"1194","190.121.13.153","8.143986661948801"
"1195","94.25.173.71","8.140618465448432"
"1196","123.195.227.35","8.11004844313522"
"1197","200.79.140.151","8.088965539548305"
"1198","192.241.158.187","8.080243050181103"
"1199","185.216.140.107","7.973831770234434"
"1200","167.172.55.98","7.972653907263253"
"1201","175.24.18.31","7.972649906085179"
"1202","96.125.164.246","7.879766349962415"
"1203","125.234.129.74","7.870878569130641"
"1204","31.176.198.143","7.858116822750856"
"1205","90.143.3.142","7.8327553389595925"
"1206","36.82.99.211","7.8326652456236125"
"1207","186.92.185.171","7.813099002636534"
"1208","112.215.230.79","7.789670673398202"
"1209","117.0.120.174","7.789435701641037"
"1210","171.5.171.137","7.788736529437878"
"1211","183.134.40.227","7.788464815032549"
"1212","113.186.118.127","7.7881938438896094"
"1213","148.102.113.253","7.7880681911498435"
"1214","180.253.100.105","7.787778465326296"
"1215","12.192.206.178","7.7873330527851445"
"1216","2.53.169.255","7.786528128761881"
"1217","80.67.248.194","7.785981827939236"
"1218","201.244.33.45","7.762091084237546"
"1219","186.182.249.23","7.747319836562835"
"1220","23.254.227.138","7.698728891836626"
"1221","185.10.68.228","7.697856214557401"
"1222","140.115.51.161","7.697463173020057"
"1223","83.23.105.175","7.664854858377946"
"1224","115.207.118.86","7.651979201487678"
"1225","213.235.187.72","7.648529270389178"
"1226","148.69.250.41","7.632168761236874"
"1227","79.139.46.68","7.579460206703377"
"1228","196.204.16.41","7.576741015106693"
"1229","192.35.168.28","7.576053497699181"
"1230","51.91.16.125","7.54983443527075"
"1231","95.186.88.165","7.518557225292629"
"1232","119.9.108.217","7.484397505811673"
"1233","88.6.242.147","7.433034373659253"
"1234","110.78.151.179","7.402778870127082"
"1235","115.237.249.194","7.4002530531056845"
"1236","125.25.202.85","7.39949276977821"
"1237","119.123.220.129","7.399334243700578"
"1238","179.7.195.8","7.39931123483801"
"1239","119.3.161.221","7.390898767233929"
"1240","161.35.91.222","7.292474335916446"
"1241","125.94.149.221","7.231920994797993"
"1242","37.150.96.217","7.2249879930696075"
"1243","119.42.114.121","7.224986695489481"
"1244","73.98.158.112","7.222435340658994"
"1245","169.255.63.67","7.158910531638177"
"1246","91.86.255.113","7.14142842854285"
"1247","184.22.160.188","7.134461036055912"
"1248","78.222.114.40","7.106335201775948"
"1249","86.12.108.236","7.106335201775948"
"1250","62.131.167.218","7.0710678118654755"
"1251","187.143.202.111","7.061055533700326"
"1252","90.151.98.41","7.035670799575546"
"1253","107.148.131.162","7.013688455441972"
"1254","193.202.44.28","7.012078115651594"
"1255","61.143.152.6","7.00933773619163"
"1256","149.28.152.221","7.008171855056068"
"1257","222.132.17.68","7.006648021700533"
"1258","14.17.120.118","7.005275815412267"
"1259","61.82.248.60","7.00521084622012"
"1260","175.139.207.164","7.004922126619253"
"1261","104.155.197.76","7.004878585671561"
"1262","117.89.70.113","7.004676170245132"
"1263","8.242.225.106","7.004508101929785"
"1264","103.215.140.49","7.004439360148677"
"1265","219.217.204.104","7.0039211696020685"
"1266","107.143.93.54","7.003167033564171"
"1267","77.42.107.222","7.003016439363826"
"1268","69.164.221.39","7.0024740806375"
"1269","192.35.168.85","7.002468457622641"
"1270","77.42.109.153","7.002357192403141"
"1271","192.35.168.89","7.002299836482297"
"1272","87.202.50.77","7.0017590825449005"
"1273","45.83.67.250","7.001236926429501"
"1274","195.223.245.146","7.000789919716203"
"1275","167.172.62.74","7.00047319829167"
"1276","103.149.192.194","7.000410273691107"
"1277","77.231.47.36","7.0"
"1278","223.215.99.20","6.97874376231138"
"1279","186.213.37.233","6.935501703193504"
"1280","5.115.135.205","6.935493426930775"
"1281","91.219.24.73","6.935481794727746"
"1282","113.90.245.88","6.935459993756722"
"1283","113.190.225.184","6.935459905442464"
"1284","59.177.76.47","6.935459198928359"
"1285","171.241.24.55","6.935456877524364"
"1286","58.145.187.246","6.935456549499824"
"1287","114.125.228.50","6.935455918683356"
"1288","187.188.65.45","6.935455716822075"
"1289","184.22.176.2","6.9354549976912105"
"1290","188.163.46.65","6.935453799139606"
"1291","114.125.246.12","6.935437549282669"
"1292","14.0.229.27","6.935436275029855"
"1293","112.134.45.173","6.833783243928651"
"1294","123.30.190.83","6.833776918732422"
"1295","185.176.221.221","6.824650091762947"
"1296","35.167.31.214","6.823958585381362"
"1297","103.97.213.136","6.785850224916551"
"1298","23.228.89.34","6.7846329672282195"
"1299","103.197.134.144","6.782390024910098"
"1300","184.22.64.178","6.782384683870416"
"1301","200.77.160.107","6.78238134249321"
"1302","134.122.61.243","6.782377433466822"
"1303","199.195.252.242","6.782376259468358"
"1304","171.233.195.159","6.782373975976258"
"1305","115.202.242.131","6.782372672966297"
"1306","185.181.51.80","6.782369550901809"
"1307","106.3.84.178","6.78236837690198"
"1308","36.24.238.72","6.782367886660233"
"1309","167.172.210.189","6.782367835055837"
"1310","123.204.132.111","6.782366235319351"
"1311","178.149.155.78","6.782329983125268"
"1312","3.122.120.17","6.70400955548245"
"1313","162.249.72.1","6.700213044374037"
"1314","93.91.138.3","6.689544080129826"
"1315","58.125.74.167","6.59545297913646"
"1316","116.120.60.26","6.59545297913646"
"1317","177.75.130.229","6.519202405202649"
"1318","200.71.157.146","6.457359894918356"
"1319","223.149.204.146","6.42253006999578"
"1320","92.171.26.133","6.363961030678928"
"1321","118.249.206.41","6.3639474188588325"
"1322","64.215.81.2","6.363923573551147"
"1323","191.100.10.76","6.359450467611175"
"1324","207.244.240.79","6.345522358324805"
"1325","95.180.106.166","6.224949798994366"
"1326","94.21.5.38","6.18465843842649"
"1327","200.125.251.141","6.164414002968976"
"1328","27.147.204.32","6.144102863722254"
"1329","112.187.98.47","6.136837296197447"
"1330","54.39.130.3","6.06217782649107"
"1331","45.66.62.10","6.06217782649107"
"1332","37.156.19.71","6.0601569637262696"
"1333","160.20.0.27","6.0601380636087825"
"1334","92.117.225.115","6.042015537053839"
"1335","202.86.142.218","6.020899642080077"
"1336","117.32.88.143","6.020853822341147"
"1337","125.125.78.102","6.020848943463039"
"1338","220.168.240.107","6.020841552474206"
"1339","124.226.213.139","6.020832645905382"
"1340","200.76.194.132","6.020830113032588"
"1341","113.220.28.68","6.020828784312007"
"1342","120.195.162.114","6.020828223757924"
"1343","125.24.32.118","6.020827621681259"
"1344","181.48.227.157","6.020826978081998"
"1345","209.112.210.195","6.020826334482668"
"1346","100.2.253.135","6.0"
"1347","78.80.240.23","5.979130371550699"
"1348","182.189.74.112","5.958187643906492"
"1349","117.194.247.28","5.928716682385827"
"1350","41.80.121.169","5.894913061275798"
"1351","45.225.176.67","5.8843505461520555"
"1352","45.10.88.103","5.884342694813075"
"1353","181.214.243.82","5.884341133466006"
"1354","222.117.174.38","5.884340672496792"
"1355","45.84.196.27","5.884325133352167"
"1356","178.62.90.114","5.8843250887421235"
"1357","83.237.140.249","5.88432504413208"
"1358","64.227.107.13","5.884324032970992"
"1359","176.120.28.100","5.88432134149725"
"1360","185.181.51.77","5.884318902812797"
"1361","123.232.127.2","5.873969824573497"
"1362","101.229.223.56","5.85245166575513"
"1363","205.209.159.128","5.852410678515307"
"1364","14.134.4.1","5.852410464928106"
"1365","115.79.213.101","5.852409738731559"
"1366","118.174.53.15","5.852403181599846"
"1367","200.105.199.222","5.852396560384472"
"1368","36.72.255.221","5.852384215001609"
"1369","109.201.39.167","5.852383980054624"
"1370","41.65.213.130","5.8523832324959715"
"1371","125.160.211.87","5.852382442219579"
"1372","61.94.210.183","5.8523809471017865"
"1373","191.243.199.22","5.852380904384129"
"1374","129.88.0.248","5.852380776231157"
"1375","89.196.85.107","5.852377145229108"
"1376","189.160.69.32","5.852357537779112"
"1377","27.70.91.19","5.852355786347921"
"1378","1.246.222.43","5.830951894845301"
"1379","54.229.105.92","5.809475019311125"
"1380","46.51.197.89","5.809475019311125"
"1381","213.16.204.162","5.766322853430945"
"1382","180.249.59.209","5.766313618768927"
"1383","186.89.192.112","5.766307830839419"
"1384","113.20.17.248","5.744562646538029"
"1385","72.69.92.145","5.7437086886436015"
"1386","192.145.204.183","5.72743426413608"
"1387","190.138.222.53","5.722903043910494"
"1388","185.128.14.148","5.722846975064072"
"1389","39.149.231.2","5.722846953221796"
"1390","62.98.87.194","5.722846101372987"
"1391","207.144.160.62","5.722845773738796"
"1392","182.160.98.250","5.722842366342095"
"1393","183.83.53.229","5.722840881065976"
"1394","183.157.173.112","5.722839920004753"
"1395","121.176.199.147","5.722838718677996"
"1396","118.200.43.221","5.72283799788182"
"1397","160.238.221.35","5.722837473666363"
"1398","185.192.241.123","5.72283644707762"
"1399","117.247.68.26","5.722836381550673"
"1400","182.203.79.92","5.722834787061392"
"1401","95.218.166.230","5.722834044422396"
"1402","2.180.20.231","5.722833367310288"
"1403","185.123.233.133","5.722833192571665"
"1404","193.248.158.42","5.722832952306051"
"1405","171.247.235.49","5.722831619923829"
"1406","124.117.197.119","5.7228315762391615"
"1407","124.13.154.3","5.722831204919467"
"1408","78.87.172.107","5.72283113939246"
"1409","170.150.116.81","5.722830920969097"
"1410","159.65.234.109","5.722830593334037"
"1411","27.216.246.247","5.722830396752991"
"1412","141.255.54.145","5.722830134644921"
"1413","180.177.187.97","5.722829807009815"
"1414","37.204.18.88","5.722829064370174"
"1415","37.211.152.196","5.722827753829395"
"1416","125.165.143.124","5.722827731987047"
"1417","109.92.225.97","5.722827600932951"
"1418","137.59.86.31","5.722827273297701"
"1419","86.35.212.86","5.722827207770648"
"1420","183.157.174.38","5.72282692382008"
"1421","41.38.177.86","5.722826749081261"
"1422","45.164.210.22","5.72282646513067"
"1423","190.98.21.98","5.722825591436454"
"1424","152.200.139.13","5.722824608530301"
"1425","95.71.91.64","5.722823734835802"
"1426","178.62.84.148","5.722823669308709"
"1427","176.193.140.237","5.722823560096886"
"1428","93.69.31.55","5.722823494569791"
"1429","136.169.198.147","5.722823494569791"
"1430","5.219.202.68","5.722823254303771"
"1431","103.78.180.208","5.7228231669343055"
"1432","177.158.193.40","5.722822249554847"
"1433","61.63.177.92","5.722821091909129"
"1434","213.242.42.132","5.722820480322619"
"1435","79.183.64.81","5.722819606627488"
"1436","182.254.151.155","5.722819475573208"
"1437","222.95.251.117","5.722819366361304"
"1438","210.186.107.102","5.722818951356054"
"1439","1.54.171.167","5.722818776616991"
"1440","220.134.172.19","5.722818754774608"
"1441","42.115.75.159","5.722818601877925"
"1442","104.248.121.2","5.722818405296467"
"1443","192.35.168.72","5.722818186872618"
"1444","103.113.192.42","5.722818121345462"
"1445","49.156.209.11","5.722817531601021"
"1446","60.241.76.134","5.722817116595637"
"1447","27.145.49.33","5.722816745275004"
"1448","187.153.65.133","5.722816483166309"
"1449","169.1.95.24","5.722816461323917"
"1450","80.47.76.227","5.722816002633668"
"1451","89.34.27.229","5.722815456573801"
"1452","36.226.154.17","5.722815194465046"
"1453","68.183.199.169","5.722814844986687"
"1454","181.164.200.233","5.7228142115571075"
"1455","89.22.175.233","5.722813665497069"
"1456","77.77.14.161","5.722813490757845"
"1457","78.189.51.125","5.722813272333809"
"1458","187.113.91.172","5.7228132286490005"
"1459","109.254.170.19","5.722813097594574"
"1460","77.42.90.68","5.722812551534429"
"1461","151.42.103.20","5.722812027316641"
"1462","106.46.104.167","5.722812005474232"
"1463","68.183.199.207","5.722811918104596"
"1464","167.172.216.164","5.722811481256394"
"1465","71.6.233.178","5.722811393886749"
"1466","45.201.205.102","5.722811240989869"
"1467","220.141.22.162","5.722811044408158"
"1468","83.31.7.151","5.722810825984029"
"1469","187.2.112.136","5.722810782299201"
"1470","117.215.214.150","5.722810389135743"
"1471","31.163.156.154","5.722810258081251"
"1472","5.143.101.176","5.722809712020836"
"1473","207.188.65.14","5.722809690178418"
"1474","87.241.160.125","5.72280940622698"
"1475","190.145.39.36","5.722809275172465"
"1476","62.38.255.90","5.722809275172465"
"1477","189.222.1.216","5.722808467002893"
"1478","46.166.201.147","5.722807724360482"
"1479","31.167.101.227","5.722807047245259"
"1480","156.218.133.6","5.72280676329369"
"1481","45.191.77.93","5.722806719608832"
"1482","201.138.160.147","5.72280527800833"
"1483","109.225.118.158","5.722805081426415"
"1484","201.49.226.19","5.722804884844494"
"1485","79.12.57.131","5.722804863002057"
"1486","124.152.47.154","5.722804688262565"
"1487","37.5.248.82","5.722804535365506"
"1488","194.193.198.133","5.722804404310879"
"1489","46.229.140.80","5.722803923777224"
"1490","182.127.90.91","5.722803202976667"
"1491","79.49.13.25","5.722803181134225"
"1492","177.53.242.51","5.722802132696883"
"1493","31.129.82.101","5.722801936114861"
"1494","220.132.100.145","5.722801914272414"
"1495","110.171.219.46","5.722801783217728"
"1496","125.27.63.137","5.722801652163038"
"1497","81.214.126.173","5.7228014337385495"
"1498","152.250.145.95","5.722801258998953"
"1499","188.27.242.57","5.722801215314052"
"1500","93.140.17.38","5.722801171629152"
"1501","126.117.40.70","5.722801106101802"
"1502","42.188.150.249","5.722801084259351"
"1503","185.230.168.133","5.722801040574449"
"1504","86.156.243.47","5.722801040574449"
"1505","103.224.32.168","5.722800996889547"
"1506","183.157.174.42","5.722800996889547"
"1507","79.167.236.14","5.722800800307486"
"1508","113.226.192.212","5.722800647410322"
"1509","219.156.20.19","5.722800581882965"
"1510","37.107.178.149","5.722800538198059"
"1511","45.84.196.217","5.722800472670701"
"1512","103.129.64.150","5.722800276088622"
"1513","103.146.232.6","5.722800188718806"
"1514","84.197.42.245","5.722800145033898"
"1515","1.161.127.41","5.722799730027253"
"1516","61.223.160.161","5.72279964265743"
"1517","114.134.11.31","5.722799620814973"
"1518","94.67.2.130","5.722799620814973"
"1519","115.96.144.157","5.722799489760234"
"1520","60.254.115.27","5.722799467917778"
"1521","200.8.247.96","5.722799446075321"
"1522","109.195.139.50","5.722799424232864"
"1523","92.253.73.113","5.722799424232864"
"1524","90.139.224.219","5.722799315020579"
"1525","114.225.169.171","5.722799205808291"
"1526","216.8.233.163","5.722799052911084"
"1527","186.3.204.61","5.722798900013873"
"1528","218.173.233.21","5.722798725274199"
"1529","186.79.45.108","5.7227986379043605"
"1530","85.104.117.135","5.72279857237698"
"1531","116.110.232.113","5.7227984850071385"
"1532","174.48.6.10","5.722798375794835"
"1533","192.35.168.70","5.722798353952374"
"1534","85.72.70.223","5.7227982665825285"
"1535","60.246.128.85","5.722798201055145"
"1536","103.83.175.136","5.722798201055145"
"1537","46.176.249.250","5.722798157370222"
"1538","115.72.34.146","5.7227980263154485"
"1539","115.96.199.179","5.722797938945599"
"1540","183.157.169.127","5.722797938945599"
"1541","189.84.86.188","5.722797895260674"
"1542","42.115.29.81","5.7227978734182114"
"1543","187.95.124.125","5.7227978515757485"
"1544","79.7.61.81","5.722797764205896"
"1545","182.234.79.219","5.722797720520969"
"1546","201.231.74.251","5.722797698678506"
"1547","14.237.69.155","5.722797698678506"
"1548","81.167.132.167","5.722797698678506"
"1549","42.115.35.143","5.722797676836042"
"1550","45.201.130.17","5.722797567623723"
"1551","36.68.6.68","5.722797545781258"
"1552","219.85.133.106","5.7227975239387945"
"1553","177.135.166.252","5.722797480253866"
"1554","192.35.168.71","5.722797480253866"
"1555","180.233.123.70","5.722797414726473"
"1556","190.52.182.120","5.722797414726473"
"1557","115.66.249.184","5.722797327356614"
"1558","164.132.12.42","5.722797305514148"
"1559","122.118.184.214","5.722797305514148"
"1560","137.101.180.115","5.722797283671683"
"1561","47.196.24.91","5.722797261829219"
"1562","103.87.49.90","5.722797218144288"
"1563","115.134.117.242","5.722797174459357"
"1564","181.113.28.118","5.722797174459357"
"1565","42.117.126.184","5.7227971526168915"
"1566","83.248.180.9","5.722797087089494"
"1567","110.137.177.85","5.722797021562096"
"1568","83.209.146.140","5.72279699971963"
"1569","59.153.96.127","5.722796977877164"
"1570","195.248.169.173","5.722796977877164"
"1571","46.176.112.252","5.722796977877164"
"1572","85.74.24.137","5.722796956034697"
"1573","36.39.73.97","5.722796956034697"
"1574","121.158.225.108","5.722796934192231"
"1575","5.12.21.27","5.722796912349764"
"1576","220.90.236.93","5.722796912349764"
"1577","73.156.110.15","5.722796868664831"
"1578","14.165.127.31","5.722796846822365"
"1579","103.70.39.149","5.722796846822365"
"1580","106.38.46.220","5.722796824979898"
"1581","82.125.186.76","5.722796824979898"
"1582","34.87.129.16","5.722796803137431"
"1583","123.181.3.13","5.722796693925095"
"1584","171.100.55.6","5.722796693925095"
"1585","42.245.203.158","5.72279665024016"
"1586","87.5.11.233","5.722796628397693"
"1587","183.89.10.199","5.722796628397693"
"1588","14.191.255.222","5.72279656287029"
"1589","165.227.45.173","5.722796541027821"
"1590","186.45.76.188","5.722796497342886"
"1591","189.223.159.27","5.722796497342886"
"1592","190.219.99.213","5.7227964755004175"
"1593","77.69.64.102","5.722796453657949"
"1594","113.123.224.33","5.722796453657949"
"1595","103.50.5.67","5.722796388130544"
"1596","59.126.22.1","5.722796366288076"
"1597","86.189.211.20","5.722796366288076"
"1598","171.243.254.62","5.722796322603138"
"1599","114.233.193.61","5.722796322603138"
"1600","109.151.224.102","5.7227963007606695"
"1601","46.176.194.93","5.7227962789182"
"1602","124.120.38.42","5.7227962789182"
"1603","189.151.41.26","5.722796257075731"
"1604","79.117.147.217","5.722796257075731"
"1605","111.240.36.86","5.722796235233262"
"1606","190.55.13.63","5.722796213390793"
"1607","103.36.51.57","5.722796213390793"
"1608","208.104.25.85","5.7227961697058545"
"1609","45.170.174.70","5.7227961697058545"
"1610","59.33.119.87","5.722796147863384"
"1611","138.197.137.224","5.722796126020915"
"1612","113.250.88.59","5.722796060493507"
"1613","112.113.157.209","5.722796038651037"
"1614","103.50.7.125","5.722796038651037"
"1615","213.67.31.238","5.722795820226334"
"1616","59.60.87.45","5.722795776541393"
"1617","84.102.58.227","5.722795776541393"
"1618","218.79.0.84","5.722795776541393"
"1619","36.237.200.181","5.722795754698922"
"1620","187.102.50.81","5.722795732856451"
"1621","41.235.35.57","5.72279571101398"
"1622","94.67.14.214","5.722795689171509"
"1623","186.208.159.39","5.722795689171509"
"1624","109.226.220.185","5.722795689171509"
"1625","151.76.156.248","5.722795667329037"
"1626","170.244.216.160","5.722795645486565"
"1627","49.76.83.58","5.722795645486565"
"1628","60.50.178.123","5.722795645486565"
"1629","77.53.1.2","5.722795623644094"
"1630","80.14.134.157","5.722795601801622"
"1631","187.120.149.42","5.722795514431736"
"1632","190.235.98.82","5.722795514431736"
"1633","79.8.153.1","5.722795514431736"
"1634","125.162.10.10","5.722795514431736"
"1635","198.12.97.66","5.722795405219376"
"1636","138.185.193.134","5.722795383376904"
"1637","71.6.233.195","5.722795361534431"
"1638","104.244.79.242","5.722795339691959"
"1639","193.168.152.134","5.722795296007013"
"1640","188.19.191.61","5.7227952741645405"
"1641","110.169.33.64","5.722795230479595"
"1642","188.36.200.29","5.722795208637122"
"1643","189.153.87.227","5.722795208637122"
"1644","1.163.25.32","5.722795186794649"
"1645","59.98.188.168","5.722795164952175"
"1646","93.173.44.205","5.722795164952175"
"1647","60.246.7.186","5.722795143109702"
"1648","27.5.155.104","5.722795143109702"
"1649","187.120.149.52","5.722795143109702"
"1650","119.139.197.103","5.7227950775822825"
"1651","112.78.133.15","5.7227950775822825"
"1652","123.164.108.190","5.722795055739809"
"1653","176.205.19.164","5.722795033897335"
"1654","189.135.189.239","5.722795012054862"
"1655","168.228.251.138","5.722794990212387"
"1656","110.144.58.64","5.7227949683699135"
"1657","45.201.176.0","5.7227949683699135"
"1658","89.237.192.100","5.722794902842492"
"1659","86.145.231.170","5.722794881000017"
"1660","118.182.65.82","5.722794859157543"
"1661","144.217.170.115","5.722794815472594"
"1662","193.92.59.133","5.722794793630119"
"1663","187.120.158.22","5.722794793630119"
"1664","94.236.142.22","5.722794793630119"
"1665","175.173.218.252","5.722794771787645"
"1666","75.105.97.79","5.72279474994517"
"1667","42.115.29.74","5.72279474994517"
"1668","14.228.196.114","5.72279474994517"
"1669","109.158.116.183","5.722794728102695"
"1670","46.214.229.45","5.722794684417745"
"1671","5.232.223.232","5.722794640732794"
"1672","69.160.133.249","5.72279461889032"
"1673","151.235.216.189","5.72279461889032"
"1674","115.96.152.22","5.722794575205369"
"1675","123.19.224.75","5.722794465992991"
"1676","91.184.87.105","5.722794465992991"
"1677","187.202.171.63","5.722794465992991"
"1678","182.233.20.78","5.722794400465563"
"1679","182.176.178.47","5.722794378623087"
"1680","46.98.103.254","5.722794378623087"
"1681","84.51.102.169","5.722794378623087"
"1682","191.243.210.17","5.722794334938134"
"1683","185.162.2.1","5.722794313095657"
"1684","92.87.215.211","5.722794313095657"
"1685","191.243.210.42","5.722794291253181"
"1686","103.244.6.139","5.722794291253181"
"1687","117.242.110.171","5.722794291253181"
"1688","42.115.12.64","5.722794269410705"
"1689","190.124.30.205","5.722794269410705"
"1690","122.5.127.120","5.722794269410705"
"1691","114.37.65.29","5.722794203883274"
"1692","92.44.83.37","5.722794203883274"
"1693","75.53.45.251","5.72279416019832"
"1694","65.15.1.252","5.722794138355843"
"1695","125.208.236.176","5.7227941165133664"
"1696","27.64.120.239","5.722794094670888"
"1697","186.213.204.73","5.722794072828411"
"1698","120.150.173.63","5.722794072828411"
"1699","218.35.54.179","5.722794029143457"
"1700","115.218.60.120","5.722794029143457"
"1701","121.140.216.75","5.722793985458502"
"1702","117.215.79.241","5.722793985458502"
"1703","92.249.250.24","5.722793985458502"
"1704","183.63.207.78","5.7227939417735465"
"1705","1.0.172.23","5.72279389808859"
"1706","31.40.129.106","5.722793810718677"
"1707","179.144.178.9","5.722793745191242"
"1708","116.102.45.158","5.722793745191242"
"1709","187.44.86.98","5.722793723348763"
"1710","77.253.228.49","5.722793701506284"
"1711","107.175.150.73","5.7227936796638055"
"1712","188.11.73.72","5.7227936578213265"
"1713","105.158.154.108","5.722793635978848"
"1714","42.115.123.2","5.722793635978848"
"1715","94.70.246.253","5.722793614136369"
"1716","2.85.188.52","5.722793548608931"
"1717","14.242.10.134","5.722793548608931"
"1718","98.7.1.87","5.722793526766451"
"1719","123.204.8.128","5.722793504923972"
"1720","87.14.35.32","5.722793461239013"
"1721","125.89.53.179","5.722793439396534"
"1722","114.236.0.47","5.722793439396534"
"1723","116.111.210.130","5.722793395711574"
"1724","46.214.139.32","5.722793373869093"
"1725","179.162.41.92","5.722793373869093"
"1726","1.1.194.82","5.722793373869093"
"1727","103.117.213.132","5.722793352026613"
"1728","162.208.175.6","5.722793330184133"
"1729","46.248.40.89","5.722793286499172"
"1730","221.216.39.227","5.722793242814212"
"1731","116.102.63.33","5.722793242814212"
"1732","151.45.44.50","5.722793220971731"
"1733","125.189.220.54","5.722793220971731"
"1734","183.157.170.86","5.7227931772867695"
"1735","37.6.235.37","5.7227931772867695"
"1736","167.172.55.91","5.7227931772867695"
"1737","123.209.195.20","5.722793155444289"
"1738","1.85.223.105","5.722793068074365"
"1739","79.8.231.212","5.7227930462318835"
"1740","35.247.154.97","5.722792958861958"
"1741","31.14.58.181","5.722792937019476"
"1742","188.158.180.244","5.722792937019476"
"1743","170.239.220.97","5.722792915176995"
"1744","88.246.225.44","5.722792915176995"
"1745","106.37.213.230","5.7227927404371375"
"1746","114.38.134.67","5.722792674909689"
"1747","167.57.149.199","5.722792674909689"
"1748","77.42.86.147","5.722792653067207"
"1749","79.78.181.13","5.722792653067207"
"1750","114.24.114.79","5.722792587539758"
"1751","95.80.65.119","5.722792565697275"
"1752","77.157.56.102","5.722792412799891"
"1753","121.6.80.233","5.722792369114924"
"1754","70.93.131.64","5.722792369114924"
"1755","85.175.135.106","5.722792347272439"
"1756","93.51.247.105","5.722792259902503"
"1757","95.180.254.34","5.722792172532565"
"1758","102.46.73.70","5.722792128847596"
"1759","64.227.37.2","5.722792085162626"
"1760","117.210.185.230","5.722792063320141"
"1761","93.113.249.54","5.722792019635171"
"1762","89.121.149.42","5.722791997792686"
"1763","172.58.46.137","5.722791997792686"
"1764","45.83.66.174","5.722791975950201"
"1765","192.35.168.44","5.722791975950201"
"1766","113.111.184.107","5.7227919541077155"
"1767","42.115.107.252","5.722791823052801"
"1768","109.197.81.71","5.722791757525343"
"1769","159.146.85.219","5.722791757525343"
"1770","51.19.20.172","5.722791626470424"
"1771","209.141.42.156","5.722791626470424"
"1772","84.153.220.213","5.722791539100476"
"1773","87.244.44.218","5.722791451730528"
"1774","218.161.0.4","5.722791364360577"
"1775","123.192.104.141","5.722791364360577"
"1776","46.177.138.153","5.722791342518089"
"1777","46.12.202.44","5.722791320675602"
"1778","133.175.3.151","5.722791298833114"
"1779","78.181.34.176","5.722791145935696"
"1780","27.145.49.171","5.722791124093208"
"1781","107.190.207.63","5.722790905668317"
"1782","46.176.217.110","5.7227907746133795"
"1783","183.157.175.157","5.722790665400928"
"1784","2.226.203.79","5.722790578030966"
"1785","31.163.187.180","5.7227905561884755"
"1786","77.93.62.42","5.722790403291038"
"1787","114.35.196.235","5.722790272236089"
"1788","198.45.163.164","5.72279018486612"
"1789","187.120.158.239","5.722789769858753"
"1790","89.109.0.26","5.722789682488777"
"1791","190.122.112.36","5.722788918001432"
"1792","116.47.32.25","5.722788896158935"
"1793","78.47.135.157","5.72278876510395"
"1794","115.165.216.170","5.722788044301484"
"1795","85.240.237.58","5.722787607451459"
"1796","61.0.25.174","5.722787279813919"
"1797","111.254.25.131","5.722786864806342"
"1798","79.107.69.253","5.722781862870539"
"1799","118.163.101.164","5.722780945484459"
"1800","27.3.206.59","5.722780945484459"
"1801","195.68.203.50","5.722777909372335"
"1802","183.157.173.129","5.72277753804916"
"1803","218.161.68.231","5.722777297781209"
"1804","83.228.121.169","5.722773977713954"
"1805","41.44.156.30","5.7227738903437375"
"1806","163.53.30.214","5.7227730166414945"
"1807","190.112.107.203","5.722772492420085"
"1808","173.68.75.223","5.72276949998862"
"1809","178.172.49.240","5.722765677537391"
"1810","67.221.209.133","5.722764192241368"
"1811","121.13.107.198","5.722763755389523"
"1812","144.172.73.45","5.722762859843137"
"1813","222.162.73.96","5.722762379305994"
"1814","196.121.137.251","5.722761811398409"
"1815","62.169.218.150","5.5677643628300215"
"1816","92.33.131.154","5.522680508593631"
"1817","82.0.112.151","5.5"
"1818","80.82.64.106","5.477225575051661"
"1819","67.173.36.32","5.477225575051661"
"1820","144.138.153.96","5.338539126015656"
"1821","37.214.73.88","5.305657357952923"
"1822","218.70.148.133","5.244044240850758"
"1823","36.90.50.241","5.086699666778057"
"1824","103.47.57.221","5.034878350069642"
"1825","113.23.44.4","5.034878350069642"
"1826","223.149.205.208","5.024937810560445"
"1827","59.59.39.208","5.0"
"1828","1.205.69.245","4.875814506315842"
"1829","51.255.81.138","4.8218253804964775"
"1830","165.22.226.39","4.8218253804964775"
"1831","103.3.46.92","4.8218253804964775"
"1832","40.113.197.150","4.8218253804964775"
"1833","54.64.214.206","4.8218253804964775"
"1834","120.43.110.15","4.716990566028302"
"1835","197.253.208.1","4.47213595499958"
"1836","60.251.160.97","4.330149333452601"
"1837","200.68.21.44","4.330112267597689"
"1838","180.249.180.176","4.330101673171197"
"1839","185.253.42.29","4.330073007467657"
"1840","36.224.94.195","4.329996939952729"
"1841","203.166.158.6","4.3299337177374895"
"1842","113.180.114.215","4.32989968128593"
"1843","95.27.43.123","4.28334215303891"
"1844","151.135.59.19","4.261636012143693"
"1845","79.31.233.212","4.242640687119285"
"1846","201.159.153.38","4.242640687119285"
"1847","125.127.18.227","4.242640687119285"
"1848","88.247.181.81","4.242640687119285"
"1849","14.187.150.230","4.242640687119285"
"1850","117.195.55.232","4.242640687119285"
"1851","1.55.16.167","4.242640687119285"
"1852","113.210.55.255","4.242640687119285"
"1853","71.222.87.116","4.242640687119285"
"1854","189.112.244.111","4.242640687119285"
"1855","195.68.241.43","4.242640687119285"
"1856","116.104.240.155","4.242640687119285"
"1857","180.131.176.29","4.242640687119285"
"1858","125.165.169.112","4.242640687119285"
"1859","113.168.189.222","4.242640687119285"
"1860","36.90.182.11","4.242640687119285"
"1861","49.48.102.67","4.242640687119285"
"1862","14.173.102.5","4.242640687119285"
"1863","177.170.123.206","4.242640687119285"
"1864","182.253.75.212","4.242640687119285"
"1865","45.64.179.92","4.242640687119285"
"1866","182.52.156.79","4.242640687119285"
"1867","213.226.141.111","4.242640687119285"
"1868","113.175.198.43","4.242640687119285"
"1869","116.101.197.136","4.242640687119285"
"1870","14.168.219.77","4.242640687119285"
"1871","195.189.180.93","4.242640687119285"
"1872","181.113.134.244","4.242640687119285"
"1873","123.20.119.143","4.242640687119285"
"1874","113.175.95.80","4.242640687119285"
"1875","14.161.22.174","4.242640687119285"
"1876","125.213.137.6","4.242640687119285"
"1877","183.171.110.82","4.242640687119285"
"1878","197.210.84.75","4.242640687119285"
"1879","190.204.174.79","4.242640687119285"
"1880","46.219.213.78","4.242640687119285"
"1881","103.127.57.202","4.242640687119285"
"1882","31.207.203.141","4.242640687119285"
"1883","181.48.29.140","4.242640687119285"
"1884","131.161.71.38","4.242640687119285"
"1885","114.40.85.135","4.242640687119285"
"1886","177.46.81.77","4.242640687119285"
"1887","117.2.44.203","4.242640687119285"
"1888","110.136.237.139","4.242640687119285"
"1889","182.68.91.195","4.242640687119285"
"1890","31.176.131.132","4.242640687119285"
"1891","85.26.241.182","4.242640687119285"
"1892","171.231.181.54","4.242640687119285"
"1893","14.176.10.104","4.242640687119285"
"1894","63.218.56.78","4.242640687119285"
"1895","181.115.227.62","4.212850311843515"
"1896","117.194.243.122","4.153434542640585"
"1897","200.116.163.138","4.153354307063148"
"1898","178.54.121.174","4.153347535422482"
"1899","211.199.146.198","4.153330019394077"
"1900","59.90.151.200","4.153319666242896"
"1901","201.8.18.164","4.153307296601107"
"1902","178.223.101.230","4.153305731582976"
"1903","77.31.23.187","4.153300013242482"
"1904","117.242.109.88","4.153298899669996"
"1905","122.254.2.44","4.153289268760364"
"1906","45.251.117.192","4.153283821267215"
"1907","161.35.230.113","4.153281654306628"
"1908","79.7.38.196","4.15327972811849"
"1909","130.180.220.76","4.1532728359692435"
"1910","110.138.149.112","4.153271541808939"
"1911","84.54.180.64","4.153231181863104"
"1912","60.178.2.162","4.153218480889248"
"1913","36.76.158.5","4.153212642039894"
"1914","45.84.184.63","4.153210475042169"
"1915","180.214.148.197","4.153207314835126"
"1916","192.35.168.147","4.153193771063421"
"1917","162.83.143.149","4.1531855243896825"
"1918","94.156.80.214","4.153180979682922"
"1919","103.70.39.95","4.153179685493995"
"1920","181.188.95.112","4.153155156022948"
"1921","171.228.188.195","4.153145404389305"
"1922","81.214.63.54","4.153142695598118"
"1923","171.239.136.242","4.153135833319204"
"1924","31.181.142.242","4.153134840093685"
"1925","58.59.221.188","4.1531269544765905"
"1926","149.200.183.65","4.153125690368641"
"1927","154.62.43.7","4.15311897855094"
"1928","5.206.66.26","4.153114253183989"
"1929","103.248.123.121","4.15311241721194"
"1930","220.135.62.144","4.153110882218292"
"1931","125.164.56.97","4.153102364498135"
"1932","185.131.158.100","4.153102214008222"
"1933","188.4.153.246","4.153097187642013"
"1934","114.97.143.146","4.153088910678412"
"1935","182.53.201.155","4.1530825900769175"
"1936","2.183.102.112","4.153071092577155"
"1937","114.34.55.181","4.153068594425091"
"1938","24.191.176.163","4.1530645311625"
"1939","197.210.226.73","4.123105625617661"
"1940","197.210.84.197","4.123105625617661"
"1941","110.137.74.149","4.123105625617661"
"1942","122.179.147.235","4.123105625617661"
"1943","39.46.12.179","4.123105625617661"
"1944","125.178.106.180","4.123105625617661"
"1945","156.223.35.1","4.123105625617661"
"1946","182.180.129.187","4.123105625617661"
"1947","80.107.26.103","4.1138299977028705"
"1948","191.242.48.60","4.112122140695726"
"1949","60.49.95.46","4.098974536393218"
"1950","59.175.86.134","4.0659143498111225"
"1951","45.233.180.2","4.06230144130147"
"1952","177.11.139.16","4.06201920231798"
"1953","116.11.10.13","4.06201920231798"
"1954","115.72.33.77","4.06201920231798"
"1955","59.127.245.99","4.06201920231798"
"1956","222.93.199.113","4.06201920231798"
"1957","115.77.112.22","4.06201920231798"
"1958","123.110.12.188","4.06201920231798"
"1959","151.49.168.58","4.06201920231798"
"1960","77.13.154.215","4.06201920231798"
"1961","175.183.61.2","4.06201920231798"
"1962","211.194.26.102","4.06201920231798"
"1963","196.218.122.245","4.06201920231798"
"1964","70.48.106.105","4.06201920231798"
"1965","180.114.34.127","4.06201920231798"
"1966","125.119.87.193","4.06201920231798"
"1967","2.187.95.75","4.06201920231798"
"1968","124.182.20.49","4.06201920231798"
"1969","59.152.246.226","4.06201920231798"
"1970","188.114.147.219","4.06201920231798"
"1971","41.35.28.116","4.06201920231798"
"1972","14.235.174.104","4.06201920231798"
"1973","103.144.234.163","4.06201920231798"
"1974","84.22.146.184","4.06201920231798"
"1975","45.169.18.206","4.06201920231798"
"1976","167.172.131.173","4.06201920231798"
"1977","59.91.80.251","4.06201920231798"
"1978","5.165.20.221","4.06201920231798"
"1979","187.177.83.252","4.06201920231798"
"1980","93.175.200.185","4.06201920231798"
"1981","181.16.184.32","4.06201920231798"
"1982","103.90.205.69","4.06201920231798"
"1983","77.42.76.212","4.06201920231798"
"1984","219.143.10.71","4.06201920231798"
"1985","95.232.49.82","4.06201920231798"
"1986","172.105.18.85","4.06201920231798"
"1987","177.103.70.123","4.06201920231798"
"1988","177.190.145.246","4.06201920231798"
"1989","121.131.74.224","4.06201920231798"
"1990","193.232.108.94","4.06201920231798"
"1991","117.80.100.57","4.06201920231798"
"1992","114.33.8.190","4.06201920231798"
"1993","89.36.248.138","4.06201920231798"
"1994","81.23.207.3","4.06201920231798"
"1995","179.184.106.161","4.06201920231798"
"1996","40.64.98.136","4.06201920231798"
"1997","182.228.185.50","4.06201920231798"
"1998","82.102.28.98","4.06201920231798"
"1999","177.45.218.50","4.06201920231798"
"2000","210.209.186.158","4.06201920231798"
"2001","31.17.22.30","4.06201920231798"
"2002","78.37.176.147","4.06201920231798"
"2003","117.242.109.149","4.06201920231798"
"2004","200.188.141.203","4.06201920231798"
"2005","117.211.216.244","4.06201920231798"
"2006","46.103.31.185","4.06201920231798"
"2007","118.163.217.61","4.06201920231798"
"2008","221.203.225.210","4.06201920231798"
"2009","122.167.73.133","4.06201920231798"
"2010","79.173.244.36","4.06201920231798"
"2011","20.188.243.207","4.06201920231798"
"2012","45.114.125.200","4.06201920231798"
"2013","176.110.18.245","4.06201920231798"
"2014","128.199.167.253","4.06201920231798"
"2015","177.190.186.30","4.06201920231798"
"2016","78.162.37.194","4.06201920231798"
"2017","85.204.116.91","4.06201920231798"
"2018","24.32.59.42","4.06201920231798"
"2019","117.211.14.229","4.06201920231798"
"2020","14.174.210.201","4.06201920231798"
"2021","103.50.7.126","4.06201920231798"
"2022","31.163.188.130","4.06201920231798"
"2023","92.242.40.201","4.06201920231798"
"2024","59.94.20.130","4.06201920231798"
"2025","148.72.76.107","4.06201920231798"
"2026","197.27.92.144","4.06201920231798"
"2027","101.184.181.224","4.06201920231798"
"2028","220.184.137.151","4.06201920231798"
"2029","221.230.210.167","4.06201920231798"
"2030","60.173.247.193","4.06201920231798"
"2031","122.11.201.139","4.06201920231798"
"2032","46.217.86.222","4.06201920231798"
"2033","59.98.224.225","4.06201920231798"
"2034","125.104.209.194","4.06201920231798"
"2035","5.206.232.190","4.06201920231798"
"2036","109.195.84.6","4.06201920231798"
"2037","123.172.174.185","4.06201920231798"
"2038","121.17.189.163","4.06201920231798"
"2039","182.240.21.214","4.06201920231798"
"2040","123.205.134.207","4.06201920231798"
"2041","88.247.77.42","4.06201920231798"
"2042","111.252.130.57","4.06201920231798"
"2043","37.142.13.65","4.06201920231798"
"2044","52.128.16.113","4.06201920231798"
"2045","121.176.185.152","4.06201920231798"
"2046","42.115.70.121","4.06201920231798"
"2047","134.122.50.1","4.06201920231798"
"2048","210.0.159.27","4.06201920231798"
"2049","173.212.192.4","4.06201920231798"
"2050","156.203.94.254","4.06201920231798"
"2051","179.24.3.151","4.06201920231798"
"2052","118.44.13.94","4.06201920231798"
"2053","148.153.107.65","4.06201920231798"
"2054","124.155.240.237","4.06201920231798"
"2055","171.228.215.215","4.06201920231798"
"2056","103.18.68.181","4.06201920231798"
"2057","152.243.14.230","4.06201920231798"
"2058","181.52.205.49","4.06201920231798"
"2059","109.161.48.203","4.06201920231798"
"2060","114.229.228.130","4.06201920231798"
"2061","86.165.1.139","4.06201920231798"
"2062","190.182.150.250","4.06201920231798"
"2063","82.77.69.221","4.06201920231798"
"2064","190.185.206.227","4.06201920231798"
"2065","60.17.155.218","4.06201920231798"
"2066","91.58.85.52","4.06201920231798"
"2067","98.143.61.245","4.06201920231798"
"2068","2.86.155.238","4.06201920231798"
"2069","91.224.133.39","4.06201920231798"
"2070","118.208.116.173","4.06201920231798"
"2071","67.103.42.201","4.06201920231798"
"2072","178.220.107.140","4.06201920231798"
"2073","212.13.110.18","4.06201920231798"
"2074","51.75.75.150","4.06201920231798"
"2075","45.165.171.212","4.06201920231798"
"2076","59.98.225.86","4.06201920231798"
"2077","128.199.170.254","4.06201920231798"
"2078","112.197.161.137","4.06201920231798"
"2079","216.155.211.96","4.06201920231798"
"2080","14.201.251.183","4.06201920231798"
"2081","93.140.91.184","4.06201920231798"
"2082","142.93.120.47","4.06201920231798"
"2083","185.13.112.140","4.06201920231798"
"2084","5.158.99.8","4.06201920231798"
"2085","122.136.98.160","4.06201920231798"
"2086","187.108.35.130","4.06201920231798"
"2087","54.36.127.160","4.06201920231798"
"2088","117.242.111.23","4.06201920231798"
"2089","94.14.62.1","4.06201920231798"
"2090","103.120.238.78","4.06201920231798"
"2091","190.16.55.13","4.06201920231798"
"2092","201.49.233.97","4.06201920231798"
"2093","209.105.137.137","4.06201920231798"
"2094","42.190.140.182","4.06201920231798"
